CustomerID,Gender,Age,Annual Income (k$),Spending Score (1-100),Cluster
1,Male,64,62,96,3
2,Female,29,87,10,4
3,Male,33,50,60,1
4,Male,41,77,42,4
5,Male,36,17,40,4
6,Female,25,11,97,1
7,Male,48,114,77,3
8,Male,38,134,42,2
9,Male,34,119,47,2
10,Female,40,95,37,2
11,Male,54,129,80,3
12,Male,33,136,22,2
13,Male,23,25,57,1
14,Male,25,71,84,1
15,Female,42,122,27,2
16,Male,35,21,41,4
17,Female,42,44,80,1
18,Female,29,20,34,4
19,Female,32,73,32,4
20,Male,43,59,90,1
21,Female,58,78,89,3
22,Male,62,57,66,3
23,Female,43,29,12,4
24,Female,64,110,40,0
25,Female,49,146,73,3
26,Female,27,77,76,1
27,Female,33,44,90,1
28,Female,24,74,73,1
29,Female,34,17,10,4
30,Female,40,54,96,1
31,Male,43,96,98,3
32,Male,38,85,48,2
33,Female,39,85,20,4
34,Female,24,56,39,4
35,Female,31,24,60,1
36,Male,32,114,66,2
37,Female,24,35,65,1
38,Male,26,61,51,4
39,Male,68,102,36,0
40,Male,65,30,24,0
41,Male,25,60,27,4
42,Male,67,47,2,0
43,Female,40,29,31,4
44,Female,46,141,57,2
45,Female,35,64,78,1
46,Female,48,101,66,3
47,Female,47,37,29,0
48,Male,69,13,15,0
49,Female,56,85,12,0
50,Female,52,76,28,0
51,Male,35,95,84,2
52,Female,59,100,24,0
53,Male,56,114,21,0
54,Female,34,10,10,4
55,Male,31,81,78,1
56,Female,48,96,18,0
57,Female,41,15,88,1
58,Male,52,70,14,0
59,Male,61,21,34,0
60,Male,62,15,58,1
61,Male,51,36,76,1
62,Male,20,145,22,2
63,Male,54,133,70,3
64,Male,60,115,36,0
65,Male,57,102,45,0
66,Female,43,118,36,2
67,Female,40,108,22,2
68,Male,61,44,78,1
69,Female,56,93,80,3
70,Female,32,65,61,1
71,Female,66,58,100,3
72,Female,21,55,56,4
73,Male,46,122,89,3
74,Female,39,145,96,2
75,Male,42,52,33,4
76,Female,30,133,45,2
77,Female,35,106,36,2
78,Female,50,99,20,0
79,Male,33,48,18,4
80,Female,62,94,38,0
81,Male,59,71,67,3
82,Female,61,115,23,0
83,Male,19,116,96,2
84,Female,52,63,16,0
85,Male,59,135,59,3
86,Male,51,18,69,1
87,Female,47,97,68,3
88,Male,30,46,21,4
89,Female,30,58,78,1
90,Female,35,50,95,1
91,Female,49,26,78,1
92,Female,49,97,70,3
93,Female,52,30,12,0
94,Female,56,60,16,0
95,Female,63,68,81,3
96,Female,69,50,87,3
97,Female,46,48,14,4
98,Female,66,20,61,1
99,Female,46,148,71,3
100,Male,61,86,46,0
101,Male,33,136,32,2
102,Female,61,55,15,0
103,Female,64,54,44,0
104,Female,27,10,17,4
105,Female,47,117,41,2
106,Female,42,28,54,1
107,Female,56,85,44,0
108,Female,37,81,98,1
109,Female,22,118,5,4
110,Male,18,21,27,4
111,Female,47,54,87,1
112,Male,66,99,78,3
113,Female,20,112,79,2
114,Female,62,17,43,0
115,Male,31,100,97,2
116,Female,47,96,31,0
117,Male,67,93,99,3
118,Female,21,91,17,4
119,Female,35,77,92,1
120,Male,54,136,83,3
121,Female,42,91,54,2
122,Male,65,93,62,3
123,Female,18,122,87,2
124,Male,63,85,32,0
125,Male,32,131,40,2
126,Female,26,50,13,4
127,Female,32,11,84,1
128,Male,66,38,35,0
129,Female,41,114,5,4
130,Female,21,60,73,1
131,Female,29,84,29,4
132,Male,54,19,70,1
133,Male,54,60,25,0
134,Male,60,127,95,3
135,Male,23,130,22,2
136,Male,56,48,66,1
137,Male,63,37,45,0
138,Male,41,12,69,1
139,Male,28,93,91,2
140,Male,30,126,89,2
141,Female,51,11,72,1
142,Male,42,102,1,4
143,Female,24,140,84,2
144,Female,69,103,44,0
145,Female,21,49,87,1
146,Male,25,11,96,1
147,Male,37,90,75,2
148,Male,46,21,39,1
149,Male,68,74,54,0
150,Female,62,64,88,3
151,Male,63,54,75,3
152,Male,27,110,29,2
153,Male,60,71,54,0
154,Male,51,58,90,1
155,Male,43,136,16,2
156,Female,58,32,99,1
157,Male,66,47,20,0
158,Female,20,37,46,4
159,Male,23,30,67,1
160,Female,22,116,65,2
161,Male,22,108,58,2
162,Male,64,128,53,3
163,Female,40,82,1,4
164,Female,66,131,81,3
165,Female,26,39,66,1
166,Male,52,117,29,0
167,Female,37,107,84,2
168,Male,66,41,70,1
169,Male,59,88,8,0
170,Female,52,50,29,0
171,Female,67,72,51,0
172,Male,35,32,33,4
173,Male,34,113,3,4
174,Female,41,84,60,2
175,Female,20,57,35,4
176,Female,49,66,69,1
177,Male,52,127,91,3
178,Male,55,109,76,3
179,Male,30,133,84,2
180,Male,64,43,20,0
181,Male,42,16,73,1
182,Male,26,65,39,4
183,Female,21,74,4,4
184,Male,31,56,19,4
185,Male,54,28,91,1
186,Male,51,135,45,3
187,Female,28,148,43,2
188,Male,58,58,13,0
189,Male,20,122,13,2
190,Female,45,47,60,1
191,Male,46,73,57,1
192,Male,26,78,86,1
193,Male,20,145,92,2
194,Male,42,125,52,2
195,Male,51,74,53,0
196,Female,29,40,86,1
197,Female,59,141,43,3
198,Female,26,122,83,2
199,Male,32,118,72,2
200,Male,57,78,72,3
201,Male,42,129,42,2
202,Female,22,97,90,2
203,Male,28,76,26,4
204,Male,51,84,23,0
205,Female,41,54,43,4
206,Male,32,13,77,1
207,Female,55,116,28,0
208,Female,25,60,9,4
209,Female,22,59,20,4
210,Male,65,15,56,0
211,Male,43,68,83,1
212,Male,35,134,39,2
213,Male,23,39,51,4
214,Male,54,131,12,0
215,Male,65,134,79,3
216,Male,30,46,95,1
217,Female,45,133,55,2
218,Male,22,110,78,2
219,Female,30,44,11,4
220,Male,34,96,26,4
221,Male,67,143,42,3
222,Male,57,27,27,0
223,Female,62,122,11,0
224,Female,49,38,38,0
225,Female,46,86,98,3
226,Female,68,68,43,0
227,Male,20,135,19,2
228,Female,57,118,64,3
229,Male,51,31,6,0
230,Male,57,77,46,0
231,Female,44,78,42,0
232,Female,30,58,92,1
233,Female,62,118,65,3
234,Female,50,95,99,3
235,Female,23,62,72,1
236,Female,41,132,59,2
237,Female,36,96,52,2
238,Female,33,140,47,2
239,Male,57,51,7,0
240,Female,45,107,11,0
241,Female,50,118,61,3
242,Male,65,60,68,3
243,Female,58,94,25,0
244,Male,30,136,12,2
245,Male,60,30,26,0
246,Female,62,53,12,0
247,Male,42,148,43,2
248,Male,59,112,51,3
249,Male,53,77,37,0
250,Male,44,138,46,2
251,Female,55,101,53,3
252,Male,24,33,88,1
253,Female,22,134,80,2
254,Male,60,120,13,0
255,Male,62,107,89,3
256,Male,68,148,54,3
257,Male,48,26,57,1
258,Female,40,108,4,4
259,Female,59,91,75,3
260,Male,27,113,96,2
261,Male,49,28,49,1
262,Female,60,94,7,0
263,Male,47,17,11,4
264,Male,56,37,92,1
265,Male,48,14,54,1
266,Female,35,110,87,2
267,Female,53,127,45,3
268,Female,19,73,23,4
269,Male,31,100,28,4
270,Male,30,126,57,2
271,Female,46,107,26,0
272,Female,29,20,25,4
273,Female,56,63,54,0
274,Female,19,56,29,4
275,Male,49,149,83,3
276,Female,30,148,97,2
277,Male,63,14,36,0
278,Female,44,29,14,4
279,Male,66,55,78,3
280,Female,58,21,35,0
281,Female,34,79,30,4
282,Female,57,26,92,1
283,Female,48,124,17,0
284,Male,51,57,67,1
285,Female,41,117,80,2
286,Male,62,61,30,0
287,Male,52,105,93,3
288,Male,65,79,45,0
289,Male,23,111,79,2
290,Female,36,84,89,1
291,Male,47,91,51,3
292,Male,24,101,47,2
293,Male,27,13,53,1
294,Female,58,144,64,3
295,Female,49,118,38,0
296,Female,51,57,64,1
297,Female,45,82,87,3
298,Male,32,81,89,1
299,Male,47,125,7,0
300,Female,54,90,22,0
301,Male,46,90,81,3
302,Male,39,122,82,2
303,Male,21,105,41,2
304,Female,37,81,74,1
305,Female,49,72,10,0
306,Male,53,47,57,1
307,Female,67,76,7,0
308,Female,21,78,50,2
309,Female,44,22,91,1
310,Female,34,40,52,1
311,Female,29,123,33,2
312,Male,39,31,1,4
313,Female,34,102,53,2
314,Male,27,76,60,2
315,Male,18,63,34,4
316,Female,39,147,4,2
317,Male,43,51,17,4
318,Male,35,73,4,4
319,Male,67,135,43,3
320,Female,31,30,90,1
321,Female,64,44,4,0
322,Male,46,39,1,4
323,Female,29,66,71,1
324,Female,53,56,94,1
325,Female,52,28,50,1
326,Female,69,123,73,3
327,Male,29,17,61,1
328,Male,24,35,35,4
329,Female,46,122,8,0
330,Female,28,80,24,4
331,Male,50,39,83,1
332,Male,23,144,36,2
333,Female,64,76,50,0
334,Male,32,74,43,4
335,Female,49,45,27,0
336,Female,68,34,32,0
337,Male,28,46,78,1
338,Male,40,10,18,4
339,Female,43,46,28,4
340,Female,51,145,29,2
341,Male,63,142,16,0
342,Female,51,137,99,3
343,Male,46,136,47,2
344,Female,21,10,59,1
345,Male,34,44,31,4
346,Male,52,113,4,0
347,Male,30,32,37,4
348,Female,58,18,17,0
349,Female,56,43,39,0
350,Male,32,137,48,2
351,Female,46,13,46,1
352,Male,46,111,90,3
353,Male,28,84,48,2
354,Female,69,108,39,0
355,Female,49,81,4,0
356,Male,19,12,30,4
357,Female,64,43,30,0
358,Female,31,54,22,4
359,Male,37,70,75,1
360,Male,39,92,66,2
361,Female,28,132,12,2
362,Male,44,111,94,3
363,Male,20,25,36,4
364,Female,34,75,18,4
365,Male,61,128,90,3
366,Male,45,133,53,2
367,Female,46,111,71,3
368,Female,38,75,1,4
369,Male,64,22,58,0
370,Male,33,120,90,2
371,Female,54,43,87,1
372,Female,37,48,90,1
373,Female,23,145,6,2
374,Female,36,129,70,2
375,Male,22,135,44,2
376,Female,20,64,72,1
377,Female,18,36,24,4
378,Male,55,127,86,3
379,Female,32,62,19,4
380,Male,51,48,18,0
381,Female,52,74,95,3
382,Female,66,22,30,0
383,Female,42,30,42,1
384,Male,41,62,33,4
385,Male,29,28,74,1
386,Female,35,66,12,4
387,Male,32,34,94,1
388,Male,61,40,27,0
389,Male,33,90,39,2
390,Male,44,32,9,4
391,Male,25,41,21,4
392,Male,63,83,76,3
393,Female,42,19,29,4
394,Female,34,63,33,4
395,Male,46,61,62,1
396,Female,25,123,15,2
397,Female,32,23,2,4
398,Female,44,119,52,2
399,Female,63,62,44,0
400,Male,67,88,54,3
401,Female,69,31,18,0
402,Female,24,39,3,4
403,Male,20,13,7,4
404,Male,46,68,43,0
405,Female,61,17,82,1
406,Female,41,21,38,4
407,Female,20,128,37,2
408,Female,37,43,58,1
409,Female,63,91,33,0
410,Female,32,107,59,2
411,Male,42,136,95,3
412,Female,47,84,11,0
413,Female,31,114,68,2
414,Male,24,58,82,1
415,Male,34,88,68,2
416,Male,61,102,98,3
417,Male,37,27,93,1
418,Female,53,105,88,3
419,Female,26,47,22,4
420,Female,55,96,66,3
421,Female,65,97,44,0
422,Female,39,59,6,4
423,Female,19,17,42,4
424,Male,41,143,25,2
425,Female,25,78,57,2
426,Male,28,130,85,2
427,Male,30,73,55,2
428,Female,34,148,16,2
429,Male,25,130,95,2
430,Female,38,74,14,4
431,Male,35,116,39,2
432,Female,47,146,28,2
433,Male,35,109,96,2
434,Female,63,91,92,3
435,Female,64,60,51,0
436,Female,48,92,49,3
437,Female,55,121,9,0
438,Female,49,65,58,1
439,Male,28,69,45,4
440,Male,62,129,22,0
441,Male,42,147,32,2
442,Female,50,32,69,1
443,Male,55,22,87,1
444,Female,58,110,69,3
445,Female,25,33,42,4
446,Male,28,117,53,2
447,Male,39,20,96,1
448,Female,68,26,59,0
449,Male,41,34,74,1
450,Female,58,103,39,0
451,Female,34,30,15,4
452,Female,29,93,71,2
453,Female,63,149,29,0
454,Female,49,46,3,0
455,Male,32,51,83,1
456,Male,33,110,10,4
457,Female,39,57,92,1
458,Female,45,112,29,0
459,Male,37,37,79,1
460,Male,50,50,35,0
461,Female,27,108,6,4
462,Male,57,56,12,0
463,Female,49,114,38,0
464,Male,67,133,77,3
465,Female,50,22,93,1
466,Male,19,109,19,4
467,Female,50,40,67,1
468,Male,50,139,8,0
469,Male,58,25,8,0
470,Female,30,146,84,2
471,Male,47,82,47,0
472,Female,50,63,4,0
473,Male,30,109,51,2
474,Female,69,118,85,3
475,Male,43,96,67,3
476,Female,39,146,45,2
477,Male,56,17,8,0
478,Female,19,16,87,1
479,Male,55,45,16,0
480,Female,56,27,77,1
481,Female,43,12,67,1
482,Female,63,37,9,0
483,Male,67,79,60,3
484,Female,32,37,78,1
485,Male,51,63,77,1
486,Female,59,74,71,3
487,Male,61,109,15,0
488,Female,66,30,71,1
489,Male,57,22,98,1
490,Male,28,66,41,4
491,Female,20,58,22,4
492,Male,23,127,24,2
493,Male,26,63,44,4
494,Female,23,147,1,2
495,Male,26,62,10,4
496,Male,56,53,80,1
497,Male,48,56,72,1
498,Female,49,62,56,1
499,Male,58,83,89,3
500,Female,67,55,50,0
501,Male,29,22,12,4
502,Male,25,111,89,2
503,Male,25,33,81,1
504,Female,67,11,60,1
505,Male,45,90,26,0
506,Male,37,109,78,2
507,Female,64,147,41,3
508,Male,24,140,36,2
509,Female,28,120,23,2
510,Female,37,111,43,2
511,Male,33,26,6,4
512,Female,21,21,69,1
513,Male,23,125,43,2
514,Female,39,33,25,4
515,Female,43,38,18,4
516,Male,20,131,62,2
517,Female,58,99,13,0
518,Female,59,74,43,0
519,Female,31,93,78,2
520,Female,28,128,28,2
521,Female,35,25,18,4
522,Male,29,113,59,2
523,Female,40,101,60,2
524,Male,29,36,63,1
525,Female,30,143,57,2
526,Male,42,144,92,3
527,Male,62,42,51,0
528,Female,68,64,56,0
529,Female,36,16,27,4
530,Female,63,66,32,0
531,Male,53,135,9,0
532,Female,62,21,96,1
533,Male,25,25,84,1
534,Male,46,52,92,1
535,Male,49,126,97,3
536,Female,68,144,68,3
537,Female,61,120,46,3
538,Male,35,60,98,1
539,Male,23,84,67,2
540,Female,35,17,26,4
541,Male,36,54,8,4
542,Female,39,68,6,4
543,Male,54,141,80,3
544,Female,49,113,24,0
545,Male,58,107,48,3
546,Female,20,88,94,2
547,Male,45,133,45,2
548,Female,27,13,13,4
549,Female,68,99,69,3
550,Male,52,113,25,0
551,Male,46,146,20,2
552,Female,32,128,82,2
553,Male,50,142,82,3
554,Female,24,65,66,1
555,Male,29,105,74,2
556,Female,66,84,45,0
557,Female,47,41,47,1
558,Female,38,37,63,1
559,Female,48,31,76,1
560,Female,41,26,77,1
561,Female,37,68,55,1
562,Male,54,99,75,3
563,Male,21,115,19,2
564,Male,45,35,35,4
565,Female,61,34,53,0
566,Female,37,147,26,2
567,Female,41,54,14,4
568,Female,67,92,45,0
569,Male,66,20,44,0
570,Male,68,113,88,3
571,Female,49,77,65,3
572,Male,58,104,51,3
573,Male,53,74,43,0
574,Female,51,58,86,1
575,Male,53,61,23,0
576,Female,19,111,56,2
577,Male,32,66,19,4
578,Female,51,56,82,1
579,Female,53,35,76,1
580,Female,23,123,55,2
581,Female,56,14,92,1
582,Male,59,93,92,3
583,Female,68,61,60,0
584,Female,68,114,59,3
585,Female,29,63,33,4
586,Male,20,24,19,4
587,Female,62,70,28,0
588,Male,35,131,52,2
589,Female,57,30,49,0
590,Male,38,55,37,4
591,Male,32,143,26,2
592,Female,50,47,99,1
593,Male,52,71,98,3
594,Female,43,95,99,3
595,Female,25,87,40,4
596,Female,53,55,80,1
597,Male,65,12,38,0
598,Male,47,15,77,1
599,Female,40,102,87,3
600,Female,59,17,54,1
601,Male,61,117,22,0
602,Female,31,84,16,4
603,Female,31,86,28,4
604,Female,19,59,35,4
605,Male,54,20,60,1
606,Male,22,104,45,2
607,Male,55,79,46,0
608,Female,62,25,72,1
609,Female,58,77,55,3
610,Female,64,108,86,3
611,Male,31,57,85,1
612,Female,56,73,26,0
613,Female,42,99,85,3
614,Female,37,85,25,4
615,Female,19,148,65,2
616,Male,56,110,6,0
617,Male,23,98,23,4
618,Female,34,27,64,1
619,Male,42,28,87,1
620,Male,45,64,43,0
621,Female,19,111,23,2
622,Female,52,127,96,3
623,Male,54,143,30,0
624,Female,22,13,77,1
625,Male,18,117,18,2
626,Female,57,124,87,3
627,Male,29,38,79,1
628,Female,53,68,97,3
629,Male,62,134,21,0
630,Male,40,107,57,2
631,Male,64,26,23,0
632,Female,48,116,91,3
633,Male,28,52,45,4
634,Male,27,89,44,2
635,Female,20,17,82,1
636,Female,31,115,88,2
637,Male,33,17,47,1
638,Male,27,105,40,2
639,Female,46,103,51,3
640,Female,27,74,42,4
641,Female,29,48,7,4
642,Female,47,90,50,3
643,Female,58,93,48,0
644,Male,18,97,84,2
645,Female,22,95,91,2
646,Male,37,102,6,4
647,Male,25,95,91,2
648,Male,60,53,9,0
649,Female,29,146,57,2
650,Male,18,83,31,4
651,Male,37,45,21,4
652,Female,45,110,90,3
653,Male,60,113,40,0
654,Male,54,75,45,0
655,Female,64,64,77,3
656,Male,54,100,49,3
657,Male,29,31,87,1
658,Male,54,110,20,0
659,Female,66,130,92,3
660,Female,66,102,17,0
661,Female,61,117,28,0
662,Male,45,19,41,1
663,Male,64,18,66,1
664,Female,32,43,25,4
665,Male,23,138,58,2
666,Male,61,98,41,0
667,Female,37,102,6,4
668,Female,67,80,75,3
669,Male,31,76,38,4
670,Male,19,126,6,2
671,Male,26,103,45,2
672,Female,54,108,75,3
673,Female,37,122,14,2
674,Female,43,112,66,2
675,Female,46,100,40,0
676,Male,18,99,3,4
677,Female,52,26,99,1
678,Female,23,27,97,1
679,Female,54,125,24,0
680,Female,22,102,19,4
681,Female,50,100,18,0
682,Male,66,91,64,3
683,Male,68,77,88,3
684,Female,31,123,35,2
685,Male,29,10,62,1
686,Female,59,67,1,0
687,Female,37,118,100,2
688,Male,67,125,25,0
689,Male,41,96,45,2
690,Female,60,19,49,0
691,Female,51,68,98,1
692,Female,42,50,89,1
693,Male,67,114,16,0
694,Female,46,142,98,3
695,Female,56,131,93,3
696,Female,48,31,19,0
697,Male,64,107,23,0
698,Female,60,77,83,3
699,Female,67,148,25,0
700,Male,40,65,16,4
701,Female,61,108,54,3
702,Female,55,85,73,3
703,Male,37,35,1,4
704,Female,40,124,42,2
705,Male,62,118,19,0
706,Male,69,56,97,3
707,Female,33,80,34,4
708,Female,67,49,80,3
709,Female,59,142,55,3
710,Female,25,141,18,2
711,Male,67,32,34,0
712,Female,38,115,89,2
713,Male,18,93,45,2
714,Female,25,125,6,2
715,Female,46,118,21,0
716,Female,49,145,70,3
717,Male,55,50,96,1
718,Female,22,121,48,2
719,Female,64,121,39,0
720,Female,39,112,31,2
721,Female,64,55,10,0
722,Male,51,77,30,0
723,Female,18,131,18,2
724,Male,43,24,60,1
725,Male,60,138,88,3
726,Male,27,120,73,2
727,Male,47,33,95,1
728,Male,67,36,15,0
729,Male,35,49,4,4
730,Female,34,33,63,1
731,Male,43,33,40,4
732,Male,25,13,9,4
733,Male,64,76,9,0
734,Female,57,43,26,0
735,Female,66,125,4,0
736,Male,29,32,81,1
737,Female,44,118,16,0
738,Male,25,78,15,4
739,Male,42,104,99,3
740,Female,63,71,52,0
741,Male,21,66,69,1
742,Female,50,63,5,0
743,Female,18,79,20,4
744,Male,36,110,79,2
745,Male,48,66,18,0
746,Female,33,147,2,2
747,Male,31,144,93,2
748,Male,65,112,13,0
749,Male,22,94,4,4
750,Female,58,70,42,0
751,Female,43,12,74,1
752,Male,45,137,61,2
753,Female,19,95,95,2
754,Female,67,56,8,0
755,Female,23,85,67,2
756,Female,26,47,63,1
757,Female,50,96,9,0
758,Male,58,67,94,3
759,Male,42,59,11,4
760,Male,65,39,99,1
761,Female,30,110,42,2
762,Female,26,34,13,4
763,Male,30,121,36,2
764,Female,48,135,13,0
765,Male,58,132,12,0
766,Male,28,56,37,4
767,Male,21,127,74,2
768,Female,51,48,73,1
769,Female,55,25,52,1
770,Male,63,31,71,1
771,Male,21,63,2,4
772,Male,55,25,56,1
773,Male,36,68,60,1
774,Female,23,40,23,4
775,Female,51,41,40,0
776,Male,35,18,64,1
777,Male,30,148,85,2
778,Female,58,19,23,0
779,Female,40,26,29,4
780,Male,36,77,78,1
781,Male,62,57,90,3
782,Male,28,120,51,2
783,Female,18,132,69,2
784,Female,41,110,95,3
785,Female,24,111,89,2
786,Male,42,74,31,4
787,Male,38,60,50,1
788,Female,32,45,20,4
789,Female,18,90,55,2
790,Male,29,136,81,2
791,Female,24,97,2,4
792,Female,32,113,25,2
793,Male,38,24,13,4
794,Female,36,105,92,2
795,Male,46,132,70,3
796,Male,42,10,67,1
797,Male,50,131,58,3
798,Male,66,135,99,3
799,Male,49,66,82,1
800,Male,66,90,75,3
801,Male,52,82,84,3
802,Female,61,79,64,3
803,Male,55,15,69,1
804,Male,43,93,83,3
805,Female,28,61,86,1
806,Female,52,12,59,1
807,Female,25,90,60,2
808,Male,63,72,83,3
809,Female,31,58,62,1
810,Male,27,85,16,4
811,Male,19,121,88,2
812,Male,63,118,68,3
813,Male,26,74,15,4
814,Female,20,90,89,2
815,Female,38,24,55,1
816,Male,43,109,35,2
817,Male,25,41,55,1
818,Male,65,105,14,0
819,Female,19,137,49,2
820,Male,23,122,83,2
821,Male,45,92,100,3
822,Female,46,52,7,4
823,Female,43,125,30,2
824,Male,42,87,83,3
825,Female,29,67,49,4
826,Female,22,42,89,1
827,Male,51,23,16,0
828,Female,65,141,51,3
829,Male,54,68,72,3
830,Female,32,92,82,2
831,Male,61,143,92,3
832,Male,53,130,80,3
833,Male,32,92,83,2
834,Female,60,36,42,0
835,Male,65,89,17,0
836,Female,40,143,63,2
837,Male,23,22,45,4
838,Male,63,73,77,3
839,Female,67,89,7,0
840,Male,61,132,27,0
841,Male,60,52,10,0
842,Female,62,98,34,0
843,Male,38,104,36,2
844,Male,40,11,25,4
845,Male,60,129,6,0
846,Male,33,31,24,4
847,Female,64,124,18,0
848,Female,32,66,87,1
849,Male,42,81,6,4
850,Female,53,16,29,0
851,Male,28,128,25,2
852,Female,68,123,55,3
853,Male,32,25,81,1
854,Male,21,92,46,2
855,Male,38,81,24,4
856,Male,30,133,75,2
857,Male,39,122,26,2
858,Male,36,21,98,1
859,Female,51,135,28,0
860,Male,31,62,3,4
861,Female,21,84,75,2
862,Male,65,142,38,3
863,Female,69,36,61,0
864,Female,63,149,78,3
865,Female,44,143,51,2
866,Male,46,106,90,3
867,Male,64,14,48,0
868,Female,45,66,21,0
869,Male,52,87,54,3
870,Female,25,78,56,2
871,Male,33,127,94,2
872,Female,59,129,59,3
873,Female,53,68,72,3
874,Male,47,42,51,1
875,Female,35,71,20,4
876,Male,19,59,96,1
877,Female,66,121,86,3
878,Female,30,28,59,1
879,Male,21,132,71,2
880,Male,43,56,9,4
881,Male,42,42,1,4
882,Female,47,93,29,0
883,Male,28,144,63,2
884,Female,24,88,72,2
885,Female,48,23,56,1
886,Male,61,137,68,3
887,Male,27,63,35,4
888,Female,56,38,3,0
889,Female,30,33,7,4
890,Male,48,91,27,0
891,Male,24,72,1,4
892,Male,66,114,91,3
893,Male,59,66,80,3
894,Male,59,145,71,3
895,Female,53,71,44,0
896,Female,37,26,87,1
897,Female,21,75,41,4
898,Female,24,15,75,1
899,Male,18,67,42,4
900,Male,61,78,33,0
901,Male,62,71,50,0
902,Female,59,91,63,3
903,Female,64,80,100,3
904,Male,30,140,37,2
905,Male,39,19,59,1
906,Female,38,107,81,2
907,Female,39,98,99,3
908,Male,45,44,48,1
909,Male,26,11,5,4
910,Female,43,133,48,2
911,Male,26,33,96,1
912,Male,32,83,3,4
913,Male,27,31,47,4
914,Female,41,48,62,1
915,Female,59,29,99,1
916,Female,25,50,14,4
917,Female,41,117,63,2
918,Female,33,93,61,2
919,Female,66,120,31,0
920,Female,43,75,95,1
921,Male,44,62,17,4
922,Male,54,43,24,0
923,Male,21,76,23,4
924,Male,67,143,82,3
925,Male,41,36,50,1
926,Male,36,19,78,1
927,Male,53,82,79,3
928,Female,56,105,79,3
929,Female,27,57,70,1
930,Male,42,79,27,4
931,Male,35,109,15,4
932,Female,36,68,50,4
933,Male,53,11,36,0
934,Male,27,74,8,4
935,Female,50,92,79,3
936,Male,67,19,3,0
937,Female,22,62,62,1
938,Male,64,88,47,0
939,Female,66,68,77,3
940,Female,52,57,98,1
941,Female,61,132,88,3
942,Male,51,31,96,1
943,Female,50,109,61,3
944,Male,38,107,32,2
945,Male,34,34,94,1
946,Male,39,37,13,4
947,Male,65,122,1,0
948,Female,54,54,34,0
949,Female,32,77,62,2
950,Male,52,16,79,1
951,Male,45,58,78,1
952,Female,24,146,93,2
953,Male,49,92,98,3
954,Female,28,138,82,2
955,Male,27,147,71,2
956,Male,26,82,93,1
957,Female,31,55,31,4
958,Male,30,115,64,2
959,Female,42,41,25,4
960,Male,19,15,38,4
961,Male,52,83,14,0
962,Male,24,123,8,2
963,Female,38,36,91,1
964,Male,35,63,54,1
965,Male,20,94,2,4
966,Male,59,136,81,3
967,Male,56,120,78,3
968,Female,58,24,89,1
969,Female,66,141,56,3
970,Male,28,102,94,2
971,Female,56,132,93,3
972,Male,41,82,84,1
973,Male,63,101,85,3
974,Male,36,26,61,1
975,Female,21,52,22,4
976,Female,43,130,35,2
977,Female,55,50,16,0
978,Female,59,48,50,0
979,Female,49,122,43,3
980,Female,56,120,17,0
981,Female,62,56,80,3
982,Female,63,72,58,3
983,Female,53,119,2,0
984,Male,57,78,4,0
985,Female,54,52,85,1
986,Female,50,43,39,0
987,Female,53,49,98,1
988,Female,20,70,94,1
989,Female,26,71,6,4
990,Female,25,67,81,1
991,Female,50,84,89,3
992,Female,23,25,69,1
993,Female,58,91,69,3
994,Female,56,103,20,0
995,Female,21,57,64,1
996,Male,30,147,16,2
997,Male,66,91,51,3
998,Female,19,47,37,4
999,Female,22,136,73,2
1000,Male,61,28,69,1
1001,Female,44,72,42,0
1002,Male,49,86,57,3
1003,Male,38,140,66,2
1004,Male,25,111,9,4
1005,Male,55,74,100,3
1006,Male,25,129,86,2
1007,Female,67,100,64,3
1008,Male,20,17,86,1
1009,Female,61,82,22,0
1010,Female,20,143,34,2
1011,Male,39,116,55,2
1012,Male,23,98,29,4
1013,Female,19,48,38,4
1014,Male,40,122,97,3
1015,Male,61,37,18,0
1016,Female,19,106,71,2
1017,Female,55,46,65,1
1018,Male,34,146,97,2
1019,Female,52,91,1,0
1020,Male,51,65,88,1
1021,Male,40,94,4,4
1022,Male,47,11,4,4
1023,Female,69,67,82,3
1024,Female,25,116,27,2
1025,Female,39,132,43,2
1026,Female,61,123,59,3
1027,Female,53,116,32,0
1028,Male,22,46,33,4
1029,Male,30,88,28,4
1030,Male,46,101,55,3
1031,Male,48,27,100,1
1032,Female,64,107,60,3
1033,Male,33,72,70,1
1034,Female,59,148,62,3
1035,Male,47,13,80,1
1036,Female,33,144,34,2
1037,Female,29,70,87,1
1038,Male,34,116,88,2
1039,Male,33,63,56,1
1040,Male,29,97,13,4
1041,Male,25,77,56,2
1042,Female,37,138,18,2
1043,Male,20,64,54,4
1044,Male,33,12,77,1
1045,Female,47,130,43,2
1046,Male,62,138,39,3
1047,Male,40,111,61,2
1048,Male,45,47,42,1
1049,Male,68,94,81,3
1050,Male,57,142,79,3
1051,Female,22,101,18,4
1052,Male,37,30,23,4
1053,Male,57,118,54,3
1054,Male,61,56,30,0
1055,Male,18,93,98,2
1056,Male,47,92,58,3
1057,Female,38,44,68,1
1058,Male,37,78,67,1
1059,Female,23,138,71,2
1060,Female,39,149,18,2
1061,Male,35,36,7,4
1062,Male,25,65,40,4
1063,Male,56,32,70,1
1064,Male,49,30,86,1
1065,Female,50,70,65,1
1066,Male,33,72,68,1
1067,Male,29,131,49,2
1068,Male,55,61,52,0
1069,Male,69,97,29,0
1070,Male,51,64,21,0
1071,Male,31,55,90,1
1072,Female,53,41,78,1
1073,Female,50,64,9,0
1074,Male,40,105,47,2
1075,Male,67,142,76,3
1076,Male,62,45,42,0
1077,Female,19,119,51,2
1078,Male,58,115,56,3
1079,Female,38,67,51,1
1080,Male,19,48,70,1
1081,Male,44,89,20,0
1082,Male,26,106,88,2
1083,Male,18,122,27,2
1084,Female,28,70,38,4
1085,Female,20,146,72,2
1086,Male,69,15,65,1
1087,Male,40,118,54,2
1088,Female,43,44,24,4
1089,Female,21,48,47,4
1090,Female,35,127,71,2
1091,Female,23,14,83,1
1092,Male,52,96,86,3
1093,Female,39,85,63,2
1094,Male,60,66,57,0
1095,Female,32,136,55,2
1096,Female,39,38,60,1
1097,Female,54,96,99,3
1098,Female,69,55,62,0
1099,Female,59,125,30,0
1100,Male,29,121,93,2
1101,Male,64,54,22,0
1102,Female,66,113,75,3
1103,Female,59,94,84,3
1104,Male,55,143,29,0
1105,Female,35,117,41,2
1106,Female,62,27,42,0
1107,Male,52,103,98,3
1108,Female,47,42,65,1
1109,Female,41,135,31,2
1110,Male,59,131,30,0
1111,Male,47,147,18,2
1112,Male,31,124,17,2
1113,Female,23,37,38,4
1114,Male,20,20,14,4
1115,Male,33,56,87,1
1116,Male,24,136,89,2
1117,Male,69,127,79,3
1118,Male,31,135,56,2
1119,Male,26,81,22,4
1120,Female,32,116,67,2
1121,Female,38,146,56,2
1122,Male,52,42,19,0
1123,Male,19,28,57,1
1124,Male,44,83,44,0
1125,Female,19,107,98,2
1126,Female,52,138,35,3
1127,Female,35,102,1,4
1128,Female,31,57,52,4
1129,Female,37,73,85,1
1130,Female,35,70,93,1
1131,Female,27,48,70,1
1132,Female,42,137,37,2
1133,Female,19,97,65,2
1134,Male,42,35,51,1
1135,Male,50,26,1,0
1136,Male,53,80,91,3
1137,Male,48,22,21,4
1138,Female,31,78,53,2
1139,Female,18,35,16,4
1140,Male,63,58,61,0
1141,Female,33,16,54,1
1142,Male,63,67,40,0
1143,Female,69,58,26,0
1144,Male,20,112,80,2
1145,Female,52,62,92,1
1146,Female,58,71,65,3
1147,Male,23,26,100,1
1148,Female,42,34,74,1
1149,Male,30,140,64,2
1150,Male,51,38,43,0
1151,Male,25,126,17,2
1152,Male,38,35,59,1
1153,Female,51,133,23,0
1154,Female,21,34,7,4
1155,Female,42,63,44,4
1156,Male,32,82,53,2
1157,Female,21,129,71,2
1158,Male,62,65,79,3
1159,Female,29,74,34,4
1160,Female,49,102,46,3
1161,Female,49,95,68,3
1162,Male,45,89,78,3
1163,Female,30,117,78,2
1164,Female,48,127,16,0
1165,Male,31,92,71,2
1166,Female,37,24,96,1
1167,Male,35,140,19,2
1168,Female,46,148,2,0
1169,Male,23,39,10,4
1170,Male,49,66,50,0
1171,Female,46,137,81,3
1172,Male,60,57,12,0
1173,Male,19,145,70,2
1174,Male,40,31,22,4
1175,Male,36,15,32,4
1176,Male,48,113,84,3
1177,Male,68,45,1,0
1178,Female,22,88,54,2
1179,Male,36,125,58,2
1180,Male,51,66,70,1
1181,Female,27,58,83,1
1182,Female,42,91,18,4
1183,Female,19,75,6,4
1184,Female,28,86,45,2
1185,Female,67,54,97,3
1186,Female,48,88,23,0
1187,Female,32,29,23,4
1188,Male,26,132,26,2
1189,Male,40,76,77,1
1190,Female,36,92,7,4
1191,Male,26,12,79,1
1192,Male,52,73,44,0
1193,Male,38,49,27,4
1194,Female,26,68,26,4
1195,Female,45,71,97,1
1196,Male,63,141,79,3
1197,Female,68,69,36,0
1198,Male,24,125,55,2
1199,Male,33,84,64,2
1200,Male,33,131,91,2
1201,Male,50,116,57,3
1202,Female,21,105,69,2
1203,Female,21,100,61,2
1204,Female,56,139,2,0
1205,Male,57,71,55,0
1206,Female,34,58,97,1
1207,Male,54,146,80,3
1208,Female,56,101,87,3
1209,Male,69,133,38,3
1210,Male,46,70,80,1
1211,Male,69,57,78,3
1212,Female,53,145,29,0
1213,Female,55,67,26,0
1214,Female,56,110,35,0
1215,Female,67,121,79,3
1216,Male,54,71,67,3
1217,Female,69,48,87,3
1218,Female,52,67,29,0
1219,Male,24,108,34,2
1220,Male,44,53,97,1
1221,Male,45,38,41,1
1222,Female,39,68,41,4
1223,Male,31,80,23,4
1224,Male,24,101,71,2
1225,Male,54,18,3,0
1226,Female,39,136,58,2
1227,Male,22,143,32,2
1228,Female,19,140,31,2
1229,Female,44,30,82,1
1230,Male,38,73,43,4
1231,Male,55,99,7,0
1232,Female,32,45,1,4
1233,Male,38,71,61,1
1234,Male,27,85,14,4
1235,Female,40,22,52,1
1236,Female,56,20,96,1
1237,Male,22,63,6,4
1238,Female,18,25,10,4
1239,Male,30,17,71,1
1240,Male,38,113,90,2
1241,Male,43,68,98,1
1242,Female,67,66,30,0
1243,Male,62,49,100,1
1244,Male,38,139,21,2
1245,Male,35,103,60,2
1246,Female,54,147,81,3
1247,Female,62,53,97,3
1248,Female,49,148,74,3
1249,Female,53,89,63,3
1250,Female,34,90,42,2
1251,Male,52,11,51,1
1252,Female,66,149,64,3
1253,Female,28,124,76,2
1254,Female,38,99,56,2
1255,Male,69,32,80,1
1256,Female,43,71,41,4
1257,Female,21,122,32,2
1258,Male,51,137,15,0
1259,Female,69,71,62,3
1260,Male,65,47,27,0
1261,Male,35,70,28,4
1262,Male,57,138,81,3
1263,Male,52,131,64,3
1264,Male,58,119,59,3
1265,Female,46,22,58,1
1266,Male,69,109,2,0
1267,Male,46,144,36,2
1268,Female,55,31,71,1
1269,Male,59,83,13,0
1270,Female,38,141,15,2
1271,Female,59,32,89,1
1272,Female,30,128,87,2
1273,Male,66,79,60,3
1274,Male,58,93,22,0
1275,Male,34,110,63,2
1276,Female,26,93,90,2
1277,Male,58,37,97,1
1278,Male,18,145,75,2
1279,Male,19,10,74,1
1280,Female,65,72,25,0
1281,Female,46,31,48,1
1282,Male,50,79,43,0
1283,Male,27,134,38,2
1284,Male,67,105,41,0
1285,Male,57,88,45,0
1286,Female,38,14,88,1
1287,Female,45,69,40,0
1288,Female,28,129,97,2
1289,Female,51,55,17,0
1290,Male,25,143,88,2
1291,Male,39,65,57,1
1292,Male,25,119,2,4
1293,Female,66,113,96,3
1294,Male,32,86,62,2
1295,Female,34,11,88,1
1296,Female,40,17,9,4
1297,Male,41,84,68,1
1298,Male,62,134,81,3
1299,Male,36,47,17,4
1300,Female,22,36,50,4
1301,Male,49,29,94,1
1302,Female,61,149,40,3
1303,Male,18,52,58,4
1304,Female,40,40,75,1
1305,Female,54,100,85,3
1306,Male,25,70,21,4
1307,Female,30,118,18,2
1308,Female,25,100,55,2
1309,Male,40,104,29,2
1310,Female,60,22,24,0
1311,Male,18,122,74,2
1312,Female,62,44,17,0
1313,Male,68,57,18,0
1314,Male,41,44,42,4
1315,Female,52,95,84,3
1316,Female,41,123,45,2
1317,Female,34,109,82,2
1318,Female,22,108,17,4
1319,Female,37,12,73,1
1320,Male,38,94,14,4
1321,Female,57,134,49,3
1322,Male,48,147,29,2
1323,Male,63,92,95,3
1324,Female,53,34,4,0
1325,Male,28,77,82,1
1326,Male,69,70,20,0
1327,Male,32,38,47,4
1328,Male,36,136,9,2
1329,Female,24,28,77,1
1330,Male,68,83,79,3
1331,Female,45,70,27,0
1332,Female,68,29,15,0
1333,Male,60,57,92,3
1334,Female,22,96,19,4
1335,Female,22,148,90,2
1336,Female,47,119,52,3
1337,Male,49,37,26,0
1338,Female,25,68,89,1
1339,Female,27,142,26,2
1340,Female,55,60,26,0
1341,Male,64,21,46,0
1342,Female,49,59,92,1
1343,Male,65,141,49,3
1344,Male,45,122,82,3
1345,Male,34,23,96,1
1346,Male,48,41,53,1
1347,Male,25,148,3,2
1348,Male,57,64,66,3
1349,Female,42,129,97,3
1350,Male,26,84,42,4
1351,Female,19,30,19,4
1352,Female,32,142,17,2
1353,Male,67,96,33,0
1354,Female,20,68,76,1
1355,Female,66,98,49,3
1356,Female,53,92,56,3
1357,Female,21,74,63,2
1358,Male,31,73,3,4
1359,Female,58,80,49,0
1360,Male,58,13,55,1
1361,Female,42,113,26,2
1362,Female,67,102,99,3
1363,Male,27,121,72,2
1364,Female,38,128,52,2
1365,Female,53,68,100,3
1366,Female,29,52,7,4
1367,Male,44,21,46,1
1368,Female,57,49,46,0
1369,Male,19,127,100,2
1370,Female,30,29,16,4
1371,Male,49,140,24,2
1372,Male,48,99,61,3
1373,Female,33,103,54,2
1374,Female,49,22,62,1
1375,Male,49,75,1,0
1376,Male,51,46,49,0
1377,Female,28,75,25,4
1378,Male,27,45,10,4
1379,Female,32,35,80,1
1380,Female,34,84,16,4
1381,Female,57,117,58,3
1382,Female,35,52,72,1
1383,Male,26,17,29,4
1384,Female,42,38,92,1
1385,Male,57,49,6,0
1386,Female,31,137,16,2
1387,Male,42,93,20,4
1388,Female,67,125,80,3
1389,Male,39,71,71,1
1390,Male,69,16,78,1
1391,Female,47,54,43,0
1392,Female,37,97,26,4
1393,Female,38,82,90,1
1394,Female,61,46,78,1
1395,Male,49,128,71,3
1396,Female,68,66,33,0
1397,Male,63,17,26,0
1398,Male,66,104,45,0
1399,Female,38,126,84,2
1400,Male,52,119,63,3
1401,Male,49,29,67,1
1402,Male,47,133,52,2
1403,Male,56,62,68,3
1404,Female,66,128,26,0
1405,Female,29,21,75,1
1406,Female,58,26,2,0
1407,Female,64,73,14,0
1408,Male,35,51,30,4
1409,Male,38,103,49,2
1410,Female,30,20,12,4
1411,Female,38,107,90,2
1412,Female,25,80,44,4
1413,Male,63,117,33,0
1414,Female,57,67,13,0
1415,Female,63,43,78,1
1416,Female,24,29,88,1
1417,Male,40,59,98,1
1418,Male,61,111,26,0
1419,Male,49,147,21,2
1420,Male,28,61,28,4
1421,Male,39,24,48,1
1422,Male,39,93,100,3
1423,Male,60,140,40,3
1424,Male,42,46,66,1
1425,Female,39,135,73,2
1426,Female,45,49,87,1
1427,Male,46,81,79,3
1428,Male,30,49,77,1
1429,Female,35,65,23,4
1430,Male,19,113,81,2
1431,Male,46,148,48,2
1432,Male,38,119,2,4
1433,Female,32,145,84,2
1434,Female,69,102,20,0
1435,Female,44,103,59,2
1436,Female,67,65,46,0
1437,Female,48,69,3,0
1438,Male,32,147,55,2
1439,Female,68,48,12,0
1440,Male,40,37,40,4
1441,Male,41,58,66,1
1442,Female,61,134,100,3
1443,Female,30,22,78,1
1444,Male,39,45,16,4
1445,Male,60,110,83,3
1446,Male,54,35,34,0
1447,Female,50,95,44,0
1448,Female,20,13,6,4
1449,Female,36,91,77,2
1450,Female,40,136,64,2
1451,Female,46,97,100,3
1452,Male,47,136,22,2
1453,Female,56,129,18,0
1454,Male,61,31,12,0
1455,Male,64,139,52,3
1456,Male,42,40,94,1
1457,Female,54,128,51,3
1458,Female,64,20,71,1
1459,Female,25,55,96,1
1460,Male,59,105,48,3
1461,Male,33,19,19,4
1462,Male,25,137,6,2
1463,Male,18,108,84,2
1464,Male,61,121,27,0
1465,Male,22,69,53,4
1466,Female,20,96,48,2
1467,Female,18,74,7,4
1468,Female,21,66,59,4
1469,Female,57,115,69,3
1470,Male,52,18,11,0
1471,Male,49,31,15,0
1472,Female,59,98,64,3
1473,Male,51,27,3,0
1474,Female,60,124,69,3
1475,Female,42,115,23,2
1476,Female,27,24,53,1
1477,Male,38,72,37,4
1478,Female,63,22,9,0
1479,Female,56,90,15,0
1480,Female,44,41,3,4
1481,Male,44,146,93,3
1482,Male,19,49,70,1
1483,Female,58,91,17,0
1484,Male,65,86,26,0
1485,Male,30,85,21,4
1486,Male,26,47,72,1
1487,Male,69,80,21,0
1488,Male,53,57,11,0
1489,Male,39,27,38,4
1490,Male,59,48,72,1
1491,Male,43,98,88,3
1492,Male,29,71,35,4
1493,Male,34,118,14,2
1494,Female,31,90,14,4
1495,Female,31,143,10,2
1496,Male,51,86,12,0
1497,Female,37,99,38,2
1498,Female,28,23,34,4
1499,Male,33,104,41,2
1500,Male,68,63,10,0
1501,Male,48,141,17,2
1502,Female,23,48,17,4
1503,Female,36,81,67,1
1504,Male,54,34,62,1
1505,Male,21,86,95,2
1506,Male,64,129,1,0
1507,Female,21,62,12,4
1508,Female,37,140,4,2
1509,Female,27,105,42,2
1510,Female,41,81,13,4
1511,Male,52,71,98,3
1512,Male,43,15,85,1
1513,Male,54,41,86,1
1514,Male,55,108,4,0
1515,Female,38,147,82,2
1516,Female,57,140,69,3
1517,Male,56,85,19,0
1518,Male,38,68,2,4
1519,Female,27,40,12,4
1520,Male,55,102,81,3
1521,Female,63,78,74,3
1522,Male,21,61,98,1
1523,Male,62,98,6,0
1524,Male,37,136,8,2
1525,Male,34,40,51,1
1526,Male,24,93,11,4
1527,Male,21,136,63,2
1528,Male,46,141,57,2
1529,Female,31,22,12,4
1530,Female,20,54,73,1
1531,Female,41,136,2,2
1532,Female,54,123,8,0
1533,Female,33,29,11,4
1534,Male,69,90,53,3
1535,Male,21,138,100,2
1536,Female,41,26,10,4
1537,Male,51,67,85,1
1538,Female,47,81,84,3
1539,Female,35,118,8,4
1540,Male,36,32,36,4
1541,Male,48,81,93,3
1542,Male,36,17,76,1
1543,Female,66,68,14,0
1544,Male,63,120,54,3
1545,Female,36,22,85,1
1546,Female,39,25,86,1
1547,Female,41,128,21,2
1548,Male,62,11,50,0
1549,Male,29,39,94,1
1550,Female,47,112,39,2
1551,Male,55,22,20,0
1552,Male,48,105,88,3
1553,Male,53,103,87,3
1554,Female,36,91,7,4
1555,Female,65,22,9,0
1556,Male,62,103,1,0
1557,Female,53,121,26,0
1558,Male,47,64,38,0
1559,Male,66,90,38,0
1560,Male,50,125,61,3
1561,Male,35,117,44,2
1562,Female,69,62,86,3
1563,Female,66,137,44,3
1564,Female,45,66,74,1
1565,Male,64,61,62,3
1566,Male,28,146,6,2
1567,Male,62,120,17,0
1568,Female,50,10,51,1
1569,Male,34,53,38,4
1570,Female,23,84,24,4
1571,Female,21,107,51,2
1572,Female,37,18,10,4
1573,Female,65,41,72,1
1574,Female,64,24,21,0
1575,Female,44,149,70,2
1576,Male,32,145,85,2
1577,Male,23,81,57,2
1578,Female,64,21,39,0
1579,Female,31,74,88,1
1580,Male,28,116,33,2
1581,Female,56,51,59,1
1582,Female,26,124,18,2
1583,Male,43,148,56,2
1584,Female,33,112,92,2
1585,Female,22,104,57,2
1586,Female,69,26,96,1
1587,Male,27,94,76,2
1588,Male,67,65,48,0
1589,Male,20,143,42,2
1590,Female,30,95,27,4
1591,Female,60,111,74,3
1592,Male,66,63,52,0
1593,Female,47,124,42,2
1594,Female,62,148,32,3
1595,Female,23,97,26,4
1596,Female,34,58,25,4
1597,Female,62,124,75,3
1598,Male,68,72,23,0
1599,Female,36,113,98,2
1600,Male,59,92,57,3
1601,Female,52,112,52,3
1602,Male,63,26,87,1
1603,Female,43,15,93,1
1604,Male,68,37,31,0
1605,Female,22,47,64,1
1606,Male,46,128,71,3
1607,Female,54,46,33,0
1608,Male,37,124,85,2
1609,Female,66,77,2,0
1610,Male,38,52,18,4
1611,Male,27,67,47,4
1612,Female,22,22,33,4
1613,Female,53,61,98,1
1614,Male,23,67,84,1
1615,Female,43,41,35,4
1616,Male,21,114,51,2
1617,Male,56,92,18,0
1618,Male,56,108,88,3
1619,Female,67,113,72,3
1620,Male,52,37,30,0
1621,Male,18,138,44,2
1622,Female,41,57,53,1
1623,Female,53,49,10,0
1624,Female,23,106,87,2
1625,Female,58,123,52,3
1626,Male,63,141,49,3
1627,Male,61,146,11,0
1628,Male,48,120,66,3
1629,Male,37,85,58,2
1630,Female,41,40,90,1
1631,Male,42,128,36,2
1632,Male,53,34,33,0
1633,Female,38,43,47,1
1634,Male,47,76,13,0
1635,Male,41,127,40,2
1636,Male,61,82,89,3
1637,Male,59,35,68,1
1638,Male,47,113,42,2
1639,Male,39,19,19,4
1640,Female,45,76,82,1
1641,Female,24,14,94,1
1642,Male,52,36,19,0
1643,Male,45,122,58,2
1644,Female,31,24,23,4
1645,Male,27,114,54,2
1646,Male,33,53,80,1
1647,Male,33,35,65,1
1648,Female,48,104,12,0
1649,Male,59,93,24,0
1650,Female,42,149,34,2
1651,Male,30,141,53,2
1652,Female,23,96,8,4
1653,Female,61,121,18,0
1654,Male,26,138,57,2
1655,Female,62,98,5,0
1656,Male,53,75,26,0
1657,Female,60,140,30,0
1658,Male,37,131,54,2
1659,Male,35,93,13,4
1660,Female,60,125,83,3
1661,Male,38,125,29,2
1662,Male,21,47,3,4
1663,Female,67,119,90,3
1664,Male,50,55,58,1
1665,Male,44,34,76,1
1666,Female,24,30,2,4
1667,Female,23,130,75,2
1668,Male,32,131,28,2
1669,Male,35,142,82,2
1670,Female,49,79,77,3
1671,Female,28,122,86,2
1672,Male,37,116,76,2
1673,Female,41,121,2,4
1674,Male,32,117,7,4
1675,Male,65,56,26,0
1676,Male,24,100,90,2
1677,Male,38,27,88,1
1678,Male,59,113,76,3
1679,Female,43,49,16,4
1680,Female,61,147,23,0
1681,Female,31,98,40,2
1682,Female,54,70,60,3
1683,Male,38,14,73,1
1684,Male,35,131,32,2
1685,Male,22,64,15,4
1686,Male,20,46,13,4
1687,Female,40,65,5,4
1688,Male,43,111,75,3
1689,Male,54,102,74,3
1690,Female,41,82,52,2
1691,Female,66,68,77,3
1692,Female,36,11,41,4
1693,Female,68,113,53,3
1694,Male,42,60,50,1
1695,Male,38,39,15,4
1696,Female,29,20,7,4
1697,Male,58,117,40,0
1698,Male,50,85,28,0
1699,Male,67,99,32,0
1700,Female,21,132,99,2
1701,Male,59,134,15,0
1702,Female,24,131,100,2
1703,Male,39,103,85,2
1704,Male,50,112,70,3
1705,Male,34,40,65,1
1706,Female,41,61,4,4
1707,Male,51,98,11,0
1708,Female,45,85,26,0
1709,Female,60,138,61,3
1710,Female,58,31,37,0
1711,Male,56,49,23,0
1712,Male,39,110,93,3
1713,Male,66,120,85,3
1714,Male,34,138,91,2
1715,Female,51,74,40,0
1716,Female,23,88,77,2
1717,Female,63,31,23,0
1718,Male,23,108,16,4
1719,Female,51,17,94,1
1720,Male,18,26,61,1
1721,Female,27,26,68,1
1722,Male,38,99,80,2
1723,Male,22,90,31,4
1724,Female,19,87,53,2
1725,Female,39,15,25,4
1726,Female,65,119,44,3
1727,Female,19,23,12,4
1728,Male,27,81,90,1
1729,Female,51,63,97,1
1730,Female,33,36,92,1
1731,Female,65,22,9,0
1732,Male,68,69,12,0
1733,Male,56,15,69,1
1734,Female,39,67,54,1
1735,Male,29,58,54,4
1736,Female,41,35,28,4
1737,Male,64,56,56,0
1738,Male,57,14,99,1
1739,Male,55,29,69,1
1740,Male,27,143,98,2
1741,Female,52,68,98,1
1742,Female,68,141,77,3
1743,Female,66,26,58,0
1744,Male,49,23,78,1
1745,Female,24,22,75,1
1746,Female,38,144,42,2
1747,Female,37,137,38,2
1748,Male,43,53,68,1
1749,Male,21,128,53,2
1750,Male,63,28,33,0
1751,Female,69,72,71,3
1752,Female,39,90,56,2
1753,Female,32,109,72,2
1754,Male,57,131,51,3
1755,Male,38,53,74,1
1756,Female,32,113,43,2
1757,Male,39,70,15,4
1758,Male,69,134,38,3
1759,Male,45,80,15,0
1760,Male,31,116,5,4
1761,Female,44,59,93,1
1762,Male,58,74,83,3
1763,Male,57,108,54,3
1764,Male,45,41,51,1
1765,Male,43,67,10,4
1766,Female,66,137,12,0
1767,Female,19,121,4,4
1768,Male,42,77,95,1
1769,Male,20,49,18,4
1770,Male,25,141,80,2
1771,Male,61,99,36,0
1772,Male,50,37,25,0
1773,Male,59,105,87,3
1774,Female,69,40,76,3
1775,Male,52,12,98,1
1776,Female,23,145,36,2
1777,Female,56,33,67,1
1778,Male,69,24,9,0
1779,Female,40,54,61,1
1780,Female,42,17,53,1
1781,Female,67,80,18,0
1782,Female,60,117,43,3
1783,Female,36,124,35,2
1784,Female,22,112,63,2
1785,Male,68,134,98,3
1786,Female,28,66,78,1
1787,Female,29,39,4,4
1788,Female,27,123,93,2
1789,Male,25,126,41,2
1790,Female,41,69,45,4
1791,Male,45,107,50,2
1792,Female,58,135,79,3
1793,Male,53,103,28,0
1794,Male,54,143,42,3
1795,Female,38,131,80,2
1796,Female,25,117,76,2
1797,Male,26,13,69,1
1798,Female,64,102,98,3
1799,Male,32,15,1,4
1800,Male,65,41,39,0
1801,Male,63,115,96,3
1802,Male,57,24,90,1
1803,Male,35,131,17,2
1804,Female,59,105,91,3
1805,Male,37,15,88,1
1806,Male,23,121,35,2
1807,Female,29,129,46,2
1808,Male,19,132,42,2
1809,Female,24,76,39,4
1810,Female,33,115,90,2
1811,Female,20,148,49,2
1812,Male,62,52,62,0
1813,Male,20,105,38,2
1814,Male,44,141,23,2
1815,Female,67,90,22,0
1816,Male,60,50,4,0
1817,Female,57,142,49,3
1818,Male,55,44,59,1
1819,Female,50,31,73,1
1820,Male,45,121,68,3
1821,Male,18,20,71,1
1822,Male,25,12,87,1
1823,Female,54,146,2,0
1824,Female,49,69,49,0
1825,Male,65,85,88,3
1826,Male,60,96,95,3
1827,Female,54,23,31,0
1828,Female,21,27,40,4
1829,Female,47,122,48,2
1830,Male,23,82,51,2
1831,Female,63,32,43,0
1832,Male,36,92,98,1
1833,Female,49,134,55,3
1834,Male,26,78,88,1
1835,Female,29,56,49,4
1836,Female,28,125,90,2
1837,Female,63,39,80,1
1838,Female,33,34,57,1
1839,Female,18,121,77,2
1840,Male,62,34,15,0
1841,Female,38,83,27,4
1842,Female,47,67,68,1
1843,Female,30,103,80,2
1844,Male,51,128,64,3
1845,Female,21,136,94,2
1846,Male,45,34,30,4
1847,Female,55,87,36,0
1848,Female,48,108,67,3
1849,Male,44,125,86,3
1850,Female,22,57,86,1
1851,Male,42,19,49,1
1852,Male,20,108,76,2
1853,Female,50,20,55,1
1854,Male,21,94,85,2
1855,Female,42,144,56,2
1856,Female,37,135,68,2
1857,Male,51,73,95,3
1858,Male,43,11,44,1
1859,Male,22,85,31,4
1860,Male,52,130,58,3
1861,Female,45,51,87,1
1862,Female,46,63,53,1
1863,Male,26,84,84,2
1864,Female,69,25,79,1
1865,Female,55,27,23,0
1866,Female,67,99,28,0
1867,Female,23,15,16,4
1868,Male,36,117,37,2
1869,Male,61,57,21,0
1870,Female,28,51,79,1
1871,Male,19,85,17,4
1872,Male,64,86,37,0
1873,Male,61,141,77,3
1874,Female,61,139,19,0
1875,Female,26,68,30,4
1876,Female,38,36,45,1
1877,Male,41,88,18,4
1878,Female,51,81,78,3
1879,Female,39,16,62,1
1880,Male,20,120,36,2
1881,Female,29,128,100,2
1882,Female,45,72,84,1
1883,Male,47,133,52,2
1884,Male,43,21,19,4
1885,Male,65,52,44,0
1886,Female,38,26,7,4
1887,Female,45,72,44,0
1888,Female,43,129,68,2
1889,Male,50,45,34,0
1890,Male,38,17,66,1
1891,Female,52,78,69,3
1892,Female,69,99,55,3
1893,Male,51,45,10,0
1894,Male,58,37,96,1
1895,Male,68,127,42,3
1896,Male,64,102,41,0
1897,Female,35,85,77,1
1898,Male,28,110,69,2
1899,Female,40,23,10,4
1900,Female,65,80,10,0
1901,Female,39,133,91,2
1902,Male,34,134,60,2
1903,Male,22,46,51,4
1904,Male,61,38,21,0
1905,Male,28,28,8,4
1906,Female,47,115,65,3
1907,Male,32,30,92,1
1908,Male,44,73,78,1
1909,Female,52,36,85,1
1910,Male,50,64,30,0
1911,Female,37,38,85,1
1912,Female,33,34,49,1
1913,Female,51,79,9,0
1914,Female,19,72,17,4
1915,Female,52,139,69,3
1916,Female,57,25,58,1
1917,Female,45,109,57,2
1918,Female,64,39,62,0
1919,Male,56,54,95,1
1920,Male,23,28,52,4
1921,Male,26,43,61,1
1922,Male,37,71,40,4
1923,Female,18,127,38,2
1924,Male,25,109,43,2
1925,Female,40,31,63,1
1926,Male,20,120,19,2
1927,Male,21,82,100,1
1928,Male,42,47,50,1
1929,Female,64,79,33,0
1930,Male,55,125,13,0
1931,Female,32,88,78,2
1932,Female,38,18,97,1
1933,Male,52,41,62,1
1934,Male,63,141,93,3
1935,Male,69,59,43,0
1936,Female,31,91,49,2
1937,Male,53,14,36,0
1938,Female,29,96,10,4
1939,Female,34,135,95,2
1940,Male,56,84,6,0
1941,Male,26,31,57,1
1942,Female,52,77,1,0
1943,Female,30,53,71,1
1944,Female,32,43,58,1
1945,Male,35,86,91,1
1946,Female,68,51,21,0
1947,Male,50,146,92,3
1948,Female,23,115,80,2
1949,Female,44,104,56,2
1950,Male,40,144,87,2
1951,Female,44,77,20,0
1952,Male,51,137,54,3
1953,Male,63,94,25,0
1954,Female,55,92,28,0
1955,Male,31,104,5,4
1956,Male,53,41,21,0
1957,Female,25,75,18,4
1958,Male,52,125,47,3
1959,Male,36,147,70,2
1960,Male,47,139,57,2
1961,Female,31,69,93,1
1962,Male,37,26,19,4
1963,Female,66,105,97,3
1964,Female,42,25,65,1
1965,Male,57,55,3,0
1966,Male,41,116,42,2
1967,Male,31,97,21,4
1968,Female,43,138,99,3
1969,Male,55,148,40,3
1970,Male,40,128,67,2
1971,Male,39,94,25,4
1972,Male,65,13,55,0
1973,Male,36,80,84,1
1974,Female,63,120,52,3
1975,Female,68,59,44,0
1976,Male,20,149,98,2
1977,Male,59,104,85,3
1978,Male,36,101,56,2
1979,Male,26,74,55,2
1980,Female,45,56,87,1
1981,Male,37,115,70,2
1982,Female,62,139,77,3
1983,Female,24,115,87,2
1984,Male,31,33,73,1
1985,Female,26,13,81,1
1986,Female,36,117,66,2
1987,Female,64,28,19,0
1988,Female,69,49,83,3
1989,Male,31,59,7,4
1990,Male,55,84,63,3
1991,Female,53,21,42,0
1992,Male,57,36,42,0
1993,Male,34,122,59,2
1994,Male,47,58,20,0
1995,Male,26,139,73,2
1996,Male,50,69,17,0
1997,Female,69,39,27,0
1998,Male,42,93,47,2
1999,Male,31,37,2,4
2000,Male,28,34,63,1
