CustomerID,Gender,Age,Annual Income (k$),Spending Score (1-100)
1,Male,64,62,96
2,Female,29,87,10
3,Male,33,50,60
4,Male,41,77,42
5,Male,36,17,40
6,Female,25,11,97
7,Male,48,114,77
8,Male,38,134,42
9,Male,34,119,47
10,Female,40,95,37
11,Male,54,129,80
12,Male,33,136,22
13,Male,23,25,57
14,Male,25,71,84
15,Female,42,122,27
16,Male,35,21,41
17,Female,42,44,80
18,Female,29,20,34
19,Female,32,73,32
20,Male,43,59,90
21,Female,58,78,89
22,Male,62,57,66
23,Female,43,29,12
24,Female,64,110,40
25,Female,49,146,73
26,Female,27,77,76
27,Female,33,44,90
28,Female,24,74,73
29,Female,34,17,10
30,Female,40,54,96
31,Male,43,96,98
32,Male,38,85,48
33,Female,39,85,20
34,Female,24,56,39
35,Female,31,24,60
36,Male,32,114,66
37,Female,24,35,65
38,Male,26,61,51
39,Male,68,102,36
40,Male,65,30,24
41,Male,25,60,27
42,Male,67,47,2
43,Female,40,29,31
44,Female,46,141,57
45,Female,35,64,78
46,Female,48,101,66
47,Female,47,37,29
48,Male,69,13,15
49,Female,56,85,12
50,Female,52,76,28
51,Male,35,95,84
52,Female,59,100,24
53,Male,56,114,21
54,Female,34,10,10
55,Male,31,81,78
56,Female,48,96,18
57,Female,41,15,88
58,Male,52,70,14
59,Male,61,21,34
60,Male,62,15,58
61,Male,51,36,76
62,Male,20,145,22
63,Male,54,133,70
64,Male,60,115,36
65,Male,57,102,45
66,Female,43,118,36
67,Female,40,108,22
68,Male,61,44,78
69,Female,56,93,80
70,Female,32,65,61
71,Female,66,58,100
72,Female,21,55,56
73,Male,46,122,89
74,Female,39,145,96
75,Male,42,52,33
76,Female,30,133,45
77,Female,35,106,36
78,Female,50,99,20
79,Male,33,48,18
80,Female,62,94,38
81,Male,59,71,67
82,Female,61,115,23
83,Male,19,116,96
84,Female,52,63,16
85,Male,59,135,59
86,Male,51,18,69
87,Female,47,97,68
88,Male,30,46,21
89,Female,30,58,78
90,Female,35,50,95
91,Female,49,26,78
92,Female,49,97,70
93,Female,52,30,12
94,Female,56,60,16
95,Female,63,68,81
96,Female,69,50,87
97,Female,46,48,14
98,Female,66,20,61
99,Female,46,148,71
100,Male,61,86,46
101,Male,33,136,32
102,Female,61,55,15
103,Female,64,54,44
104,Female,27,10,17
105,Female,47,117,41
106,Female,42,28,54
107,Female,56,85,44
108,Female,37,81,98
109,Female,22,118,5
110,Male,18,21,27
111,Female,47,54,87
112,Male,66,99,78
113,Female,20,112,79
114,Female,62,17,43
115,Male,31,100,97
116,Female,47,96,31
117,Male,67,93,99
118,Female,21,91,17
119,Female,35,77,92
120,Male,54,136,83
121,Female,42,91,54
122,Male,65,93,62
123,Female,18,122,87
124,Male,63,85,32
125,Male,32,131,40
126,Female,26,50,13
127,Female,32,11,84
128,Male,66,38,35
129,Female,41,114,5
130,Female,21,60,73
131,Female,29,84,29
132,Male,54,19,70
133,Male,54,60,25
134,Male,60,127,95
135,Male,23,130,22
136,Male,56,48,66
137,Male,63,37,45
138,Male,41,12,69
139,Male,28,93,91
140,Male,30,126,89
141,Female,51,11,72
142,Male,42,102,1
143,Female,24,140,84
144,Female,69,103,44
145,Female,21,49,87
146,Male,25,11,96
147,Male,37,90,75
148,Male,46,21,39
149,Male,68,74,54
150,Female,62,64,88
151,Male,63,54,75
152,Male,27,110,29
153,Male,60,71,54
154,Male,51,58,90
155,Male,43,136,16
156,Female,58,32,99
157,Male,66,47,20
158,Female,20,37,46
159,Male,23,30,67
160,Female,22,116,65
161,Male,22,108,58
162,Male,64,128,53
163,Female,40,82,1
164,Female,66,131,81
165,Female,26,39,66
166,Male,52,117,29
167,Female,37,107,84
168,Male,66,41,70
169,Male,59,88,8
170,Female,52,50,29
171,Female,67,72,51
172,Male,35,32,33
173,Male,34,113,3
174,Female,41,84,60
175,Female,20,57,35
176,Female,49,66,69
177,Male,52,127,91
178,Male,55,109,76
179,Male,30,133,84
180,Male,64,43,20
181,Male,42,16,73
182,Male,26,65,39
183,Female,21,74,4
184,Male,31,56,19
185,Male,54,28,91
186,Male,51,135,45
187,Female,28,148,43
188,Male,58,58,13
189,Male,20,122,13
190,Female,45,47,60
191,Male,46,73,57
192,Male,26,78,86
193,Male,20,145,92
194,Male,42,125,52
195,Male,51,74,53
196,Female,29,40,86
197,Female,59,141,43
198,Female,26,122,83
199,Male,32,118,72
200,Male,57,78,72
201,Male,42,129,42
202,Female,22,97,90
203,Male,28,76,26
204,Male,51,84,23
205,Female,41,54,43
206,Male,32,13,77
207,Female,55,116,28
208,Female,25,60,9
209,Female,22,59,20
210,Male,65,15,56
211,Male,43,68,83
212,Male,35,134,39
213,Male,23,39,51
214,Male,54,131,12
215,Male,65,134,79
216,Male,30,46,95
217,Female,45,133,55
218,Male,22,110,78
219,Female,30,44,11
220,Male,34,96,26
221,Male,67,143,42
222,Male,57,27,27
223,Female,62,122,11
224,Female,49,38,38
225,Female,46,86,98
226,Female,68,68,43
227,Male,20,135,19
228,Female,57,118,64
229,Male,51,31,6
230,Male,57,77,46
231,Female,44,78,42
232,Female,30,58,92
233,Female,62,118,65
234,Female,50,95,99
235,Female,23,62,72
236,Female,41,132,59
237,Female,36,96,52
238,Female,33,140,47
239,Male,57,51,7
240,Female,45,107,11
241,Female,50,118,61
242,Male,65,60,68
243,Female,58,94,25
244,Male,30,136,12
245,Male,60,30,26
246,Female,62,53,12
247,Male,42,148,43
248,Male,59,112,51
249,Male,53,77,37
250,Male,44,138,46
251,Female,55,101,53
252,Male,24,33,88
253,Female,22,134,80
254,Male,60,120,13
255,Male,62,107,89
256,Male,68,148,54
257,Male,48,26,57
258,Female,40,108,4
259,Female,59,91,75
260,Male,27,113,96
261,Male,49,28,49
262,Female,60,94,7
263,Male,47,17,11
264,Male,56,37,92
265,Male,48,14,54
266,Female,35,110,87
267,Female,53,127,45
268,Female,19,73,23
269,Male,31,100,28
270,Male,30,126,57
271,Female,46,107,26
272,Female,29,20,25
273,Female,56,63,54
274,Female,19,56,29
275,Male,49,149,83
276,Female,30,148,97
277,Male,63,14,36
278,Female,44,29,14
279,Male,66,55,78
280,Female,58,21,35
281,Female,34,79,30
282,Female,57,26,92
283,Female,48,124,17
284,Male,51,57,67
285,Female,41,117,80
286,Male,62,61,30
287,Male,52,105,93
288,Male,65,79,45
289,Male,23,111,79
290,Female,36,84,89
291,Male,47,91,51
292,Male,24,101,47
293,Male,27,13,53
294,Female,58,144,64
295,Female,49,118,38
296,Female,51,57,64
297,Female,45,82,87
298,Male,32,81,89
299,Male,47,125,7
300,Female,54,90,22
301,Male,46,90,81
302,Male,39,122,82
303,Male,21,105,41
304,Female,37,81,74
305,Female,49,72,10
306,Male,53,47,57
307,Female,67,76,7
308,Female,21,78,50
309,Female,44,22,91
310,Female,34,40,52
311,Female,29,123,33
312,Male,39,31,1
313,Female,34,102,53
314,Male,27,76,60
315,Male,18,63,34
316,Female,39,147,4
317,Male,43,51,17
318,Male,35,73,4
319,Male,67,135,43
320,Female,31,30,90
321,Female,64,44,4
322,Male,46,39,1
323,Female,29,66,71
324,Female,53,56,94
325,Female,52,28,50
326,Female,69,123,73
327,Male,29,17,61
328,Male,24,35,35
329,Female,46,122,8
330,Female,28,80,24
331,Male,50,39,83
332,Male,23,144,36
333,Female,64,76,50
334,Male,32,74,43
335,Female,49,45,27
336,Female,68,34,32
337,Male,28,46,78
338,Male,40,10,18
339,Female,43,46,28
340,Female,51,145,29
341,Male,63,142,16
342,Female,51,137,99
343,Male,46,136,47
344,Female,21,10,59
345,Male,34,44,31
346,Male,52,113,4
347,Male,30,32,37
348,Female,58,18,17
349,Female,56,43,39
350,Male,32,137,48
351,Female,46,13,46
352,Male,46,111,90
353,Male,28,84,48
354,Female,69,108,39
355,Female,49,81,4
356,Male,19,12,30
357,Female,64,43,30
358,Female,31,54,22
359,Male,37,70,75
360,Male,39,92,66
361,Female,28,132,12
362,Male,44,111,94
363,Male,20,25,36
364,Female,34,75,18
365,Male,61,128,90
366,Male,45,133,53
367,Female,46,111,71
368,Female,38,75,1
369,Male,64,22,58
370,Male,33,120,90
371,Female,54,43,87
372,Female,37,48,90
373,Female,23,145,6
374,Female,36,129,70
375,Male,22,135,44
376,Female,20,64,72
377,Female,18,36,24
378,Male,55,127,86
379,Female,32,62,19
380,Male,51,48,18
381,Female,52,74,95
382,Female,66,22,30
383,Female,42,30,42
384,Male,41,62,33
385,Male,29,28,74
386,Female,35,66,12
387,Male,32,34,94
388,Male,61,40,27
389,Male,33,90,39
390,Male,44,32,9
391,Male,25,41,21
392,Male,63,83,76
393,Female,42,19,29
394,Female,34,63,33
395,Male,46,61,62
396,Female,25,123,15
397,Female,32,23,2
398,Female,44,119,52
399,Female,63,62,44
400,Male,67,88,54
401,Female,69,31,18
402,Female,24,39,3
403,Male,20,13,7
404,Male,46,68,43
405,Female,61,17,82
406,Female,41,21,38
407,Female,20,128,37
408,Female,37,43,58
409,Female,63,91,33
410,Female,32,107,59
411,Male,42,136,95
412,Female,47,84,11
413,Female,31,114,68
414,Male,24,58,82
415,Male,34,88,68
416,Male,61,102,98
417,Male,37,27,93
418,Female,53,105,88
419,Female,26,47,22
420,Female,55,96,66
421,Female,65,97,44
422,Female,39,59,6
423,Female,19,17,42
424,Male,41,143,25
425,Female,25,78,57
426,Male,28,130,85
427,Male,30,73,55
428,Female,34,148,16
429,Male,25,130,95
430,Female,38,74,14
431,Male,35,116,39
432,Female,47,146,28
433,Male,35,109,96
434,Female,63,91,92
435,Female,64,60,51
436,Female,48,92,49
437,Female,55,121,9
438,Female,49,65,58
439,Male,28,69,45
440,Male,62,129,22
441,Male,42,147,32
442,Female,50,32,69
443,Male,55,22,87
444,Female,58,110,69
445,Female,25,33,42
446,Male,28,117,53
447,Male,39,20,96
448,Female,68,26,59
449,Male,41,34,74
450,Female,58,103,39
451,Female,34,30,15
452,Female,29,93,71
453,Female,63,149,29
454,Female,49,46,3
455,Male,32,51,83
456,Male,33,110,10
457,Female,39,57,92
458,Female,45,112,29
459,Male,37,37,79
460,Male,50,50,35
461,Female,27,108,6
462,Male,57,56,12
463,Female,49,114,38
464,Male,67,133,77
465,Female,50,22,93
466,Male,19,109,19
467,Female,50,40,67
468,Male,50,139,8
469,Male,58,25,8
470,Female,30,146,84
471,Male,47,82,47
472,Female,50,63,4
473,Male,30,109,51
474,Female,69,118,85
475,Male,43,96,67
476,Female,39,146,45
477,Male,56,17,8
478,Female,19,16,87
479,Male,55,45,16
480,Female,56,27,77
481,Female,43,12,67
482,Female,63,37,9
483,Male,67,79,60
484,Female,32,37,78
485,Male,51,63,77
486,Female,59,74,71
487,Male,61,109,15
488,Female,66,30,71
489,Male,57,22,98
490,Male,28,66,41
491,Female,20,58,22
492,Male,23,127,24
493,Male,26,63,44
494,Female,23,147,1
495,Male,26,62,10
496,Male,56,53,80
497,Male,48,56,72
498,Female,49,62,56
499,Male,58,83,89
500,Female,67,55,50
501,Male,29,22,12
502,Male,25,111,89
503,Male,25,33,81
504,Female,67,11,60
505,Male,45,90,26
506,Male,37,109,78
507,Female,64,147,41
508,Male,24,140,36
509,Female,28,120,23
510,Female,37,111,43
511,Male,33,26,6
512,Female,21,21,69
513,Male,23,125,43
514,Female,39,33,25
515,Female,43,38,18
516,Male,20,131,62
517,Female,58,99,13
518,Female,59,74,43
519,Female,31,93,78
520,Female,28,128,28
521,Female,35,25,18
522,Male,29,113,59
523,Female,40,101,60
524,Male,29,36,63
525,Female,30,143,57
526,Male,42,144,92
527,Male,62,42,51
528,Female,68,64,56
529,Female,36,16,27
530,Female,63,66,32
531,Male,53,135,9
532,Female,62,21,96
533,Male,25,25,84
534,Male,46,52,92
535,Male,49,126,97
536,Female,68,144,68
537,Female,61,120,46
538,Male,35,60,98
539,Male,23,84,67
540,Female,35,17,26
541,Male,36,54,8
542,Female,39,68,6
543,Male,54,141,80
544,Female,49,113,24
545,Male,58,107,48
546,Female,20,88,94
547,Male,45,133,45
548,Female,27,13,13
549,Female,68,99,69
550,Male,52,113,25
551,Male,46,146,20
552,Female,32,128,82
553,Male,50,142,82
554,Female,24,65,66
555,Male,29,105,74
556,Female,66,84,45
557,Female,47,41,47
558,Female,38,37,63
559,Female,48,31,76
560,Female,41,26,77
561,Female,37,68,55
562,Male,54,99,75
563,Male,21,115,19
564,Male,45,35,35
565,Female,61,34,53
566,Female,37,147,26
567,Female,41,54,14
568,Female,67,92,45
569,Male,66,20,44
570,Male,68,113,88
571,Female,49,77,65
572,Male,58,104,51
573,Male,53,74,43
574,Female,51,58,86
575,Male,53,61,23
576,Female,19,111,56
577,Male,32,66,19
578,Female,51,56,82
579,Female,53,35,76
580,Female,23,123,55
581,Female,56,14,92
582,Male,59,93,92
583,Female,68,61,60
584,Female,68,114,59
585,Female,29,63,33
586,Male,20,24,19
587,Female,62,70,28
588,Male,35,131,52
589,Female,57,30,49
590,Male,38,55,37
591,Male,32,143,26
592,Female,50,47,99
593,Male,52,71,98
594,Female,43,95,99
595,Female,25,87,40
596,Female,53,55,80
597,Male,65,12,38
598,Male,47,15,77
599,Female,40,102,87
600,Female,59,17,54
601,Male,61,117,22
602,Female,31,84,16
603,Female,31,86,28
604,Female,19,59,35
605,Male,54,20,60
606,Male,22,104,45
607,Male,55,79,46
608,Female,62,25,72
609,Female,58,77,55
610,Female,64,108,86
611,Male,31,57,85
612,Female,56,73,26
613,Female,42,99,85
614,Female,37,85,25
615,Female,19,148,65
616,Male,56,110,6
617,Male,23,98,23
618,Female,34,27,64
619,Male,42,28,87
620,Male,45,64,43
621,Female,19,111,23
622,Female,52,127,96
623,Male,54,143,30
624,Female,22,13,77
625,Male,18,117,18
626,Female,57,124,87
627,Male,29,38,79
628,Female,53,68,97
629,Male,62,134,21
630,Male,40,107,57
631,Male,64,26,23
632,Female,48,116,91
633,Male,28,52,45
634,Male,27,89,44
635,Female,20,17,82
636,Female,31,115,88
637,Male,33,17,47
638,Male,27,105,40
639,Female,46,103,51
640,Female,27,74,42
641,Female,29,48,7
642,Female,47,90,50
643,Female,58,93,48
644,Male,18,97,84
645,Female,22,95,91
646,Male,37,102,6
647,Male,25,95,91
648,Male,60,53,9
649,Female,29,146,57
650,Male,18,83,31
651,Male,37,45,21
652,Female,45,110,90
653,Male,60,113,40
654,Male,54,75,45
655,Female,64,64,77
656,Male,54,100,49
657,Male,29,31,87
658,Male,54,110,20
659,Female,66,130,92
660,Female,66,102,17
661,Female,61,117,28
662,Male,45,19,41
663,Male,64,18,66
664,Female,32,43,25
665,Male,23,138,58
666,Male,61,98,41
667,Female,37,102,6
668,Female,67,80,75
669,Male,31,76,38
670,Male,19,126,6
671,Male,26,103,45
672,Female,54,108,75
673,Female,37,122,14
674,Female,43,112,66
675,Female,46,100,40
676,Male,18,99,3
677,Female,52,26,99
678,Female,23,27,97
679,Female,54,125,24
680,Female,22,102,19
681,Female,50,100,18
682,Male,66,91,64
683,Male,68,77,88
684,Female,31,123,35
685,Male,29,10,62
686,Female,59,67,1
687,Female,37,118,100
688,Male,67,125,25
689,Male,41,96,45
690,Female,60,19,49
691,Female,51,68,98
692,Female,42,50,89
693,Male,67,114,16
694,Female,46,142,98
695,Female,56,131,93
696,Female,48,31,19
697,Male,64,107,23
698,Female,60,77,83
699,Female,67,148,25
700,Male,40,65,16
701,Female,61,108,54
702,Female,55,85,73
703,Male,37,35,1
704,Female,40,124,42
705,Male,62,118,19
706,Male,69,56,97
707,Female,33,80,34
708,Female,67,49,80
709,Female,59,142,55
710,Female,25,141,18
711,Male,67,32,34
712,Female,38,115,89
713,Male,18,93,45
714,Female,25,125,6
715,Female,46,118,21
716,Female,49,145,70
717,Male,55,50,96
718,Female,22,121,48
719,Female,64,121,39
720,Female,39,112,31
721,Female,64,55,10
722,Male,51,77,30
723,Female,18,131,18
724,Male,43,24,60
725,Male,60,138,88
726,Male,27,120,73
727,Male,47,33,95
728,Male,67,36,15
729,Male,35,49,4
730,Female,34,33,63
731,Male,43,33,40
732,Male,25,13,9
733,Male,64,76,9
734,Female,57,43,26
735,Female,66,125,4
736,Male,29,32,81
737,Female,44,118,16
738,Male,25,78,15
739,Male,42,104,99
740,Female,63,71,52
741,Male,21,66,69
742,Female,50,63,5
743,Female,18,79,20
744,Male,36,110,79
745,Male,48,66,18
746,Female,33,147,2
747,Male,31,144,93
748,Male,65,112,13
749,Male,22,94,4
750,Female,58,70,42
751,Female,43,12,74
752,Male,45,137,61
753,Female,19,95,95
754,Female,67,56,8
755,Female,23,85,67
756,Female,26,47,63
757,Female,50,96,9
758,Male,58,67,94
759,Male,42,59,11
760,Male,65,39,99
761,Female,30,110,42
762,Female,26,34,13
763,Male,30,121,36
764,Female,48,135,13
765,Male,58,132,12
766,Male,28,56,37
767,Male,21,127,74
768,Female,51,48,73
769,Female,55,25,52
770,Male,63,31,71
771,Male,21,63,2
772,Male,55,25,56
773,Male,36,68,60
774,Female,23,40,23
775,Female,51,41,40
776,Male,35,18,64
777,Male,30,148,85
778,Female,58,19,23
779,Female,40,26,29
780,Male,36,77,78
781,Male,62,57,90
782,Male,28,120,51
783,Female,18,132,69
784,Female,41,110,95
785,Female,24,111,89
786,Male,42,74,31
787,Male,38,60,50
788,Female,32,45,20
789,Female,18,90,55
790,Male,29,136,81
791,Female,24,97,2
792,Female,32,113,25
793,Male,38,24,13
794,Female,36,105,92
795,Male,46,132,70
796,Male,42,10,67
797,Male,50,131,58
798,Male,66,135,99
799,Male,49,66,82
800,Male,66,90,75
801,Male,52,82,84
802,Female,61,79,64
803,Male,55,15,69
804,Male,43,93,83
805,Female,28,61,86
806,Female,52,12,59
807,Female,25,90,60
808,Male,63,72,83
809,Female,31,58,62
810,Male,27,85,16
811,Male,19,121,88
812,Male,63,118,68
813,Male,26,74,15
814,Female,20,90,89
815,Female,38,24,55
816,Male,43,109,35
817,Male,25,41,55
818,Male,65,105,14
819,Female,19,137,49
820,Male,23,122,83
821,Male,45,92,100
822,Female,46,52,7
823,Female,43,125,30
824,Male,42,87,83
825,Female,29,67,49
826,Female,22,42,89
827,Male,51,23,16
828,Female,65,141,51
829,Male,54,68,72
830,Female,32,92,82
831,Male,61,143,92
832,Male,53,130,80
833,Male,32,92,83
834,Female,60,36,42
835,Male,65,89,17
836,Female,40,143,63
837,Male,23,22,45
838,Male,63,73,77
839,Female,67,89,7
840,Male,61,132,27
841,Male,60,52,10
842,Female,62,98,34
843,Male,38,104,36
844,Male,40,11,25
845,Male,60,129,6
846,Male,33,31,24
847,Female,64,124,18
848,Female,32,66,87
849,Male,42,81,6
850,Female,53,16,29
851,Male,28,128,25
852,Female,68,123,55
853,Male,32,25,81
854,Male,21,92,46
855,Male,38,81,24
856,Male,30,133,75
857,Male,39,122,26
858,Male,36,21,98
859,Female,51,135,28
860,Male,31,62,3
861,Female,21,84,75
862,Male,65,142,38
863,Female,69,36,61
864,Female,63,149,78
865,Female,44,143,51
866,Male,46,106,90
867,Male,64,14,48
868,Female,45,66,21
869,Male,52,87,54
870,Female,25,78,56
871,Male,33,127,94
872,Female,59,129,59
873,Female,53,68,72
874,Male,47,42,51
875,Female,35,71,20
876,Male,19,59,96
877,Female,66,121,86
878,Female,30,28,59
879,Male,21,132,71
880,Male,43,56,9
881,Male,42,42,1
882,Female,47,93,29
883,Male,28,144,63
884,Female,24,88,72
885,Female,48,23,56
886,Male,61,137,68
887,Male,27,63,35
888,Female,56,38,3
889,Female,30,33,7
890,Male,48,91,27
891,Male,24,72,1
892,Male,66,114,91
893,Male,59,66,80
894,Male,59,145,71
895,Female,53,71,44
896,Female,37,26,87
897,Female,21,75,41
898,Female,24,15,75
899,Male,18,67,42
900,Male,61,78,33
901,Male,62,71,50
902,Female,59,91,63
903,Female,64,80,100
904,Male,30,140,37
905,Male,39,19,59
906,Female,38,107,81
907,Female,39,98,99
908,Male,45,44,48
909,Male,26,11,5
910,Female,43,133,48
911,Male,26,33,96
912,Male,32,83,3
913,Male,27,31,47
914,Female,41,48,62
915,Female,59,29,99
916,Female,25,50,14
917,Female,41,117,63
918,Female,33,93,61
919,Female,66,120,31
920,Female,43,75,95
921,Male,44,62,17
922,Male,54,43,24
923,Male,21,76,23
924,Male,67,143,82
925,Male,41,36,50
926,Male,36,19,78
927,Male,53,82,79
928,Female,56,105,79
929,Female,27,57,70
930,Male,42,79,27
931,Male,35,109,15
932,Female,36,68,50
933,Male,53,11,36
934,Male,27,74,8
935,Female,50,92,79
936,Male,67,19,3
937,Female,22,62,62
938,Male,64,88,47
939,Female,66,68,77
940,Female,52,57,98
941,Female,61,132,88
942,Male,51,31,96
943,Female,50,109,61
944,Male,38,107,32
945,Male,34,34,94
946,Male,39,37,13
947,Male,65,122,1
948,Female,54,54,34
949,Female,32,77,62
950,Male,52,16,79
951,Male,45,58,78
952,Female,24,146,93
953,Male,49,92,98
954,Female,28,138,82
955,Male,27,147,71
956,Male,26,82,93
957,Female,31,55,31
958,Male,30,115,64
959,Female,42,41,25
960,Male,19,15,38
961,Male,52,83,14
962,Male,24,123,8
963,Female,38,36,91
964,Male,35,63,54
965,Male,20,94,2
966,Male,59,136,81
967,Male,56,120,78
968,Female,58,24,89
969,Female,66,141,56
970,Male,28,102,94
971,Female,56,132,93
972,Male,41,82,84
973,Male,63,101,85
974,Male,36,26,61
975,Female,21,52,22
976,Female,43,130,35
977,Female,55,50,16
978,Female,59,48,50
979,Female,49,122,43
980,Female,56,120,17
981,Female,62,56,80
982,Female,63,72,58
983,Female,53,119,2
984,Male,57,78,4
985,Female,54,52,85
986,Female,50,43,39
987,Female,53,49,98
988,Female,20,70,94
989,Female,26,71,6
990,Female,25,67,81
991,Female,50,84,89
992,Female,23,25,69
993,Female,58,91,69
994,Female,56,103,20
995,Female,21,57,64
996,Male,30,147,16
997,Male,66,91,51
998,Female,19,47,37
999,Female,22,136,73
1000,Male,61,28,69
1001,Female,44,72,42
1002,Male,49,86,57
1003,Male,38,140,66
1004,Male,25,111,9
1005,Male,55,74,100
1006,Male,25,129,86
1007,Female,67,100,64
1008,Male,20,17,86
1009,Female,61,82,22
1010,Female,20,143,34
1011,Male,39,116,55
1012,Male,23,98,29
1013,Female,19,48,38
1014,Male,40,122,97
1015,Male,61,37,18
1016,Female,19,106,71
1017,Female,55,46,65
1018,Male,34,146,97
1019,Female,52,91,1
1020,Male,51,65,88
1021,Male,40,94,4
1022,Male,47,11,4
1023,Female,69,67,82
1024,Female,25,116,27
1025,Female,39,132,43
1026,Female,61,123,59
1027,Female,53,116,32
1028,Male,22,46,33
1029,Male,30,88,28
1030,Male,46,101,55
1031,Male,48,27,100
1032,Female,64,107,60
1033,Male,33,72,70
1034,Female,59,148,62
1035,Male,47,13,80
1036,Female,33,144,34
1037,Female,29,70,87
1038,Male,34,116,88
1039,Male,33,63,56
1040,Male,29,97,13
1041,Male,25,77,56
1042,Female,37,138,18
1043,Male,20,64,54
1044,Male,33,12,77
1045,Female,47,130,43
1046,Male,62,138,39
1047,Male,40,111,61
1048,Male,45,47,42
1049,Male,68,94,81
1050,Male,57,142,79
1051,Female,22,101,18
1052,Male,37,30,23
1053,Male,57,118,54
1054,Male,61,56,30
1055,Male,18,93,98
1056,Male,47,92,58
1057,Female,38,44,68
1058,Male,37,78,67
1059,Female,23,138,71
1060,Female,39,149,18
1061,Male,35,36,7
1062,Male,25,65,40
1063,Male,56,32,70
1064,Male,49,30,86
1065,Female,50,70,65
1066,Male,33,72,68
1067,Male,29,131,49
1068,Male,55,61,52
1069,Male,69,97,29
1070,Male,51,64,21
1071,Male,31,55,90
1072,Female,53,41,78
1073,Female,50,64,9
1074,Male,40,105,47
1075,Male,67,142,76
1076,Male,62,45,42
1077,Female,19,119,51
1078,Male,58,115,56
1079,Female,38,67,51
1080,Male,19,48,70
1081,Male,44,89,20
1082,Male,26,106,88
1083,Male,18,122,27
1084,Female,28,70,38
1085,Female,20,146,72
1086,Male,69,15,65
1087,Male,40,118,54
1088,Female,43,44,24
1089,Female,21,48,47
1090,Female,35,127,71
1091,Female,23,14,83
1092,Male,52,96,86
1093,Female,39,85,63
1094,Male,60,66,57
1095,Female,32,136,55
1096,Female,39,38,60
1097,Female,54,96,99
1098,Female,69,55,62
1099,Female,59,125,30
1100,Male,29,121,93
1101,Male,64,54,22
1102,Female,66,113,75
1103,Female,59,94,84
1104,Male,55,143,29
1105,Female,35,117,41
1106,Female,62,27,42
1107,Male,52,103,98
1108,Female,47,42,65
1109,Female,41,135,31
1110,Male,59,131,30
1111,Male,47,147,18
1112,Male,31,124,17
1113,Female,23,37,38
1114,Male,20,20,14
1115,Male,33,56,87
1116,Male,24,136,89
1117,Male,69,127,79
1118,Male,31,135,56
1119,Male,26,81,22
1120,Female,32,116,67
1121,Female,38,146,56
1122,Male,52,42,19
1123,Male,19,28,57
1124,Male,44,83,44
1125,Female,19,107,98
1126,Female,52,138,35
1127,Female,35,102,1
1128,Female,31,57,52
1129,Female,37,73,85
1130,Female,35,70,93
1131,Female,27,48,70
1132,Female,42,137,37
1133,Female,19,97,65
1134,Male,42,35,51
1135,Male,50,26,1
1136,Male,53,80,91
1137,Male,48,22,21
1138,Female,31,78,53
1139,Female,18,35,16
1140,Male,63,58,61
1141,Female,33,16,54
1142,Male,63,67,40
1143,Female,69,58,26
1144,Male,20,112,80
1145,Female,52,62,92
1146,Female,58,71,65
1147,Male,23,26,100
1148,Female,42,34,74
1149,Male,30,140,64
1150,Male,51,38,43
1151,Male,25,126,17
1152,Male,38,35,59
1153,Female,51,133,23
1154,Female,21,34,7
1155,Female,42,63,44
1156,Male,32,82,53
1157,Female,21,129,71
1158,Male,62,65,79
1159,Female,29,74,34
1160,Female,49,102,46
1161,Female,49,95,68
1162,Male,45,89,78
1163,Female,30,117,78
1164,Female,48,127,16
1165,Male,31,92,71
1166,Female,37,24,96
1167,Male,35,140,19
1168,Female,46,148,2
1169,Male,23,39,10
1170,Male,49,66,50
1171,Female,46,137,81
1172,Male,60,57,12
1173,Male,19,145,70
1174,Male,40,31,22
1175,Male,36,15,32
1176,Male,48,113,84
1177,Male,68,45,1
1178,Female,22,88,54
1179,Male,36,125,58
1180,Male,51,66,70
1181,Female,27,58,83
1182,Female,42,91,18
1183,Female,19,75,6
1184,Female,28,86,45
1185,Female,67,54,97
1186,Female,48,88,23
1187,Female,32,29,23
1188,Male,26,132,26
1189,Male,40,76,77
1190,Female,36,92,7
1191,Male,26,12,79
1192,Male,52,73,44
1193,Male,38,49,27
1194,Female,26,68,26
1195,Female,45,71,97
1196,Male,63,141,79
1197,Female,68,69,36
1198,Male,24,125,55
1199,Male,33,84,64
1200,Male,33,131,91
1201,Male,50,116,57
1202,Female,21,105,69
1203,Female,21,100,61
1204,Female,56,139,2
1205,Male,57,71,55
1206,Female,34,58,97
1207,Male,54,146,80
1208,Female,56,101,87
1209,Male,69,133,38
1210,Male,46,70,80
1211,Male,69,57,78
1212,Female,53,145,29
1213,Female,55,67,26
1214,Female,56,110,35
1215,Female,67,121,79
1216,Male,54,71,67
1217,Female,69,48,87
1218,Female,52,67,29
1219,Male,24,108,34
1220,Male,44,53,97
1221,Male,45,38,41
1222,Female,39,68,41
1223,Male,31,80,23
1224,Male,24,101,71
1225,Male,54,18,3
1226,Female,39,136,58
1227,Male,22,143,32
1228,Female,19,140,31
1229,Female,44,30,82
1230,Male,38,73,43
1231,Male,55,99,7
1232,Female,32,45,1
1233,Male,38,71,61
1234,Male,27,85,14
1235,Female,40,22,52
1236,Female,56,20,96
1237,Male,22,63,6
1238,Female,18,25,10
1239,Male,30,17,71
1240,Male,38,113,90
1241,Male,43,68,98
1242,Female,67,66,30
1243,Male,62,49,100
1244,Male,38,139,21
1245,Male,35,103,60
1246,Female,54,147,81
1247,Female,62,53,97
1248,Female,49,148,74
1249,Female,53,89,63
1250,Female,34,90,42
1251,Male,52,11,51
1252,Female,66,149,64
1253,Female,28,124,76
1254,Female,38,99,56
1255,Male,69,32,80
1256,Female,43,71,41
1257,Female,21,122,32
1258,Male,51,137,15
1259,Female,69,71,62
1260,Male,65,47,27
1261,Male,35,70,28
1262,Male,57,138,81
1263,Male,52,131,64
1264,Male,58,119,59
1265,Female,46,22,58
1266,Male,69,109,2
1267,Male,46,144,36
1268,Female,55,31,71
1269,Male,59,83,13
1270,Female,38,141,15
1271,Female,59,32,89
1272,Female,30,128,87
1273,Male,66,79,60
1274,Male,58,93,22
1275,Male,34,110,63
1276,Female,26,93,90
1277,Male,58,37,97
1278,Male,18,145,75
1279,Male,19,10,74
1280,Female,65,72,25
1281,Female,46,31,48
1282,Male,50,79,43
1283,Male,27,134,38
1284,Male,67,105,41
1285,Male,57,88,45
1286,Female,38,14,88
1287,Female,45,69,40
1288,Female,28,129,97
1289,Female,51,55,17
1290,Male,25,143,88
1291,Male,39,65,57
1292,Male,25,119,2
1293,Female,66,113,96
1294,Male,32,86,62
1295,Female,34,11,88
1296,Female,40,17,9
1297,Male,41,84,68
1298,Male,62,134,81
1299,Male,36,47,17
1300,Female,22,36,50
1301,Male,49,29,94
1302,Female,61,149,40
1303,Male,18,52,58
1304,Female,40,40,75
1305,Female,54,100,85
1306,Male,25,70,21
1307,Female,30,118,18
1308,Female,25,100,55
1309,Male,40,104,29
1310,Female,60,22,24
1311,Male,18,122,74
1312,Female,62,44,17
1313,Male,68,57,18
1314,Male,41,44,42
1315,Female,52,95,84
1316,Female,41,123,45
1317,Female,34,109,82
1318,Female,22,108,17
1319,Female,37,12,73
1320,Male,38,94,14
1321,Female,57,134,49
1322,Male,48,147,29
1323,Male,63,92,95
1324,Female,53,34,4
1325,Male,28,77,82
1326,Male,69,70,20
1327,Male,32,38,47
1328,Male,36,136,9
1329,Female,24,28,77
1330,Male,68,83,79
1331,Female,45,70,27
1332,Female,68,29,15
1333,Male,60,57,92
1334,Female,22,96,19
1335,Female,22,148,90
1336,Female,47,119,52
1337,Male,49,37,26
1338,Female,25,68,89
1339,Female,27,142,26
1340,Female,55,60,26
1341,Male,64,21,46
1342,Female,49,59,92
1343,Male,65,141,49
1344,Male,45,122,82
1345,Male,34,23,96
1346,Male,48,41,53
1347,Male,25,148,3
1348,Male,57,64,66
1349,Female,42,129,97
1350,Male,26,84,42
1351,Female,19,30,19
1352,Female,32,142,17
1353,Male,67,96,33
1354,Female,20,68,76
1355,Female,66,98,49
1356,Female,53,92,56
1357,Female,21,74,63
1358,Male,31,73,3
1359,Female,58,80,49
1360,Male,58,13,55
1361,Female,42,113,26
1362,Female,67,102,99
1363,Male,27,121,72
1364,Female,38,128,52
1365,Female,53,68,100
1366,Female,29,52,7
1367,Male,44,21,46
1368,Female,57,49,46
1369,Male,19,127,100
1370,Female,30,29,16
1371,Male,49,140,24
1372,Male,48,99,61
1373,Female,33,103,54
1374,Female,49,22,62
1375,Male,49,75,1
1376,Male,51,46,49
1377,Female,28,75,25
1378,Male,27,45,10
1379,Female,32,35,80
1380,Female,34,84,16
1381,Female,57,117,58
1382,Female,35,52,72
1383,Male,26,17,29
1384,Female,42,38,92
1385,Male,57,49,6
1386,Female,31,137,16
1387,Male,42,93,20
1388,Female,67,125,80
1389,Male,39,71,71
1390,Male,69,16,78
1391,Female,47,54,43
1392,Female,37,97,26
1393,Female,38,82,90
1394,Female,61,46,78
1395,Male,49,128,71
1396,Female,68,66,33
1397,Male,63,17,26
1398,Male,66,104,45
1399,Female,38,126,84
1400,Male,52,119,63
1401,Male,49,29,67
1402,Male,47,133,52
1403,Male,56,62,68
1404,Female,66,128,26
1405,Female,29,21,75
1406,Female,58,26,2
1407,Female,64,73,14
1408,Male,35,51,30
1409,Male,38,103,49
1410,Female,30,20,12
1411,Female,38,107,90
1412,Female,25,80,44
1413,Male,63,117,33
1414,Female,57,67,13
1415,Female,63,43,78
1416,Female,24,29,88
1417,Male,40,59,98
1418,Male,61,111,26
1419,Male,49,147,21
1420,Male,28,61,28
1421,Male,39,24,48
1422,Male,39,93,100
1423,Male,60,140,40
1424,Male,42,46,66
1425,Female,39,135,73
1426,Female,45,49,87
1427,Male,46,81,79
1428,Male,30,49,77
1429,Female,35,65,23
1430,Male,19,113,81
1431,Male,46,148,48
1432,Male,38,119,2
1433,Female,32,145,84
1434,Female,69,102,20
1435,Female,44,103,59
1436,Female,67,65,46
1437,Female,48,69,3
1438,Male,32,147,55
1439,Female,68,48,12
1440,Male,40,37,40
1441,Male,41,58,66
1442,Female,61,134,100
1443,Female,30,22,78
1444,Male,39,45,16
1445,Male,60,110,83
1446,Male,54,35,34
1447,Female,50,95,44
1448,Female,20,13,6
1449,Female,36,91,77
1450,Female,40,136,64
1451,Female,46,97,100
1452,Male,47,136,22
1453,Female,56,129,18
1454,Male,61,31,12
1455,Male,64,139,52
1456,Male,42,40,94
1457,Female,54,128,51
1458,Female,64,20,71
1459,Female,25,55,96
1460,Male,59,105,48
1461,Male,33,19,19
1462,Male,25,137,6
1463,Male,18,108,84
1464,Male,61,121,27
1465,Male,22,69,53
1466,Female,20,96,48
1467,Female,18,74,7
1468,Female,21,66,59
1469,Female,57,115,69
1470,Male,52,18,11
1471,Male,49,31,15
1472,Female,59,98,64
1473,Male,51,27,3
1474,Female,60,124,69
1475,Female,42,115,23
1476,Female,27,24,53
1477,Male,38,72,37
1478,Female,63,22,9
1479,Female,56,90,15
1480,Female,44,41,3
1481,Male,44,146,93
1482,Male,19,49,70
1483,Female,58,91,17
1484,Male,65,86,26
1485,Male,30,85,21
1486,Male,26,47,72
1487,Male,69,80,21
1488,Male,53,57,11
1489,Male,39,27,38
1490,Male,59,48,72
1491,Male,43,98,88
1492,Male,29,71,35
1493,Male,34,118,14
1494,Female,31,90,14
1495,Female,31,143,10
1496,Male,51,86,12
1497,Female,37,99,38
1498,Female,28,23,34
1499,Male,33,104,41
1500,Male,68,63,10
1501,Male,48,141,17
1502,Female,23,48,17
1503,Female,36,81,67
1504,Male,54,34,62
1505,Male,21,86,95
1506,Male,64,129,1
1507,Female,21,62,12
1508,Female,37,140,4
1509,Female,27,105,42
1510,Female,41,81,13
1511,Male,52,71,98
1512,Male,43,15,85
1513,Male,54,41,86
1514,Male,55,108,4
1515,Female,38,147,82
1516,Female,57,140,69
1517,Male,56,85,19
1518,Male,38,68,2
1519,Female,27,40,12
1520,Male,55,102,81
1521,Female,63,78,74
1522,Male,21,61,98
1523,Male,62,98,6
1524,Male,37,136,8
1525,Male,34,40,51
1526,Male,24,93,11
1527,Male,21,136,63
1528,Male,46,141,57
1529,Female,31,22,12
1530,Female,20,54,73
1531,Female,41,136,2
1532,Female,54,123,8
1533,Female,33,29,11
1534,Male,69,90,53
1535,Male,21,138,100
1536,Female,41,26,10
1537,Male,51,67,85
1538,Female,47,81,84
1539,Female,35,118,8
1540,Male,36,32,36
1541,Male,48,81,93
1542,Male,36,17,76
1543,Female,66,68,14
1544,Male,63,120,54
1545,Female,36,22,85
1546,Female,39,25,86
1547,Female,41,128,21
1548,Male,62,11,50
1549,Male,29,39,94
1550,Female,47,112,39
1551,Male,55,22,20
1552,Male,48,105,88
1553,Male,53,103,87
1554,Female,36,91,7
1555,Female,65,22,9
1556,Male,62,103,1
1557,Female,53,121,26
1558,Male,47,64,38
1559,Male,66,90,38
1560,Male,50,125,61
1561,Male,35,117,44
1562,Female,69,62,86
1563,Female,66,137,44
1564,Female,45,66,74
1565,Male,64,61,62
1566,Male,28,146,6
1567,Male,62,120,17
1568,Female,50,10,51
1569,Male,34,53,38
1570,Female,23,84,24
1571,Female,21,107,51
1572,Female,37,18,10
1573,Female,65,41,72
1574,Female,64,24,21
1575,Female,44,149,70
1576,Male,32,145,85
1577,Male,23,81,57
1578,Female,64,21,39
1579,Female,31,74,88
1580,Male,28,116,33
1581,Female,56,51,59
1582,Female,26,124,18
1583,Male,43,148,56
1584,Female,33,112,92
1585,Female,22,104,57
1586,Female,69,26,96
1587,Male,27,94,76
1588,Male,67,65,48
1589,Male,20,143,42
1590,Female,30,95,27
1591,Female,60,111,74
1592,Male,66,63,52
1593,Female,47,124,42
1594,Female,62,148,32
1595,Female,23,97,26
1596,Female,34,58,25
1597,Female,62,124,75
1598,Male,68,72,23
1599,Female,36,113,98
1600,Male,59,92,57
1601,Female,52,112,52
1602,Male,63,26,87
1603,Female,43,15,93
1604,Male,68,37,31
1605,Female,22,47,64
1606,Male,46,128,71
1607,Female,54,46,33
1608,Male,37,124,85
1609,Female,66,77,2
1610,Male,38,52,18
1611,Male,27,67,47
1612,Female,22,22,33
1613,Female,53,61,98
1614,Male,23,67,84
1615,Female,43,41,35
1616,Male,21,114,51
1617,Male,56,92,18
1618,Male,56,108,88
1619,Female,67,113,72
1620,Male,52,37,30
1621,Male,18,138,44
1622,Female,41,57,53
1623,Female,53,49,10
1624,Female,23,106,87
1625,Female,58,123,52
1626,Male,63,141,49
1627,Male,61,146,11
1628,Male,48,120,66
1629,Male,37,85,58
1630,Female,41,40,90
1631,Male,42,128,36
1632,Male,53,34,33
1633,Female,38,43,47
1634,Male,47,76,13
1635,Male,41,127,40
1636,Male,61,82,89
1637,Male,59,35,68
1638,Male,47,113,42
1639,Male,39,19,19
1640,Female,45,76,82
1641,Female,24,14,94
1642,Male,52,36,19
1643,Male,45,122,58
1644,Female,31,24,23
1645,Male,27,114,54
1646,Male,33,53,80
1647,Male,33,35,65
1648,Female,48,104,12
1649,Male,59,93,24
1650,Female,42,149,34
1651,Male,30,141,53
1652,Female,23,96,8
1653,Female,61,121,18
1654,Male,26,138,57
1655,Female,62,98,5
1656,Male,53,75,26
1657,Female,60,140,30
1658,Male,37,131,54
1659,Male,35,93,13
1660,Female,60,125,83
1661,Male,38,125,29
1662,Male,21,47,3
1663,Female,67,119,90
1664,Male,50,55,58
1665,Male,44,34,76
1666,Female,24,30,2
1667,Female,23,130,75
1668,Male,32,131,28
1669,Male,35,142,82
1670,Female,49,79,77
1671,Female,28,122,86
1672,Male,37,116,76
1673,Female,41,121,2
1674,Male,32,117,7
1675,Male,65,56,26
1676,Male,24,100,90
1677,Male,38,27,88
1678,Male,59,113,76
1679,Female,43,49,16
1680,Female,61,147,23
1681,Female,31,98,40
1682,Female,54,70,60
1683,Male,38,14,73
1684,Male,35,131,32
1685,Male,22,64,15
1686,Male,20,46,13
1687,Female,40,65,5
1688,Male,43,111,75
1689,Male,54,102,74
1690,Female,41,82,52
1691,Female,66,68,77
1692,Female,36,11,41
1693,Female,68,113,53
1694,Male,42,60,50
1695,Male,38,39,15
1696,Female,29,20,7
1697,Male,58,117,40
1698,Male,50,85,28
1699,Male,67,99,32
1700,Female,21,132,99
1701,Male,59,134,15
1702,Female,24,131,100
1703,Male,39,103,85
1704,Male,50,112,70
1705,Male,34,40,65
1706,Female,41,61,4
1707,Male,51,98,11
1708,Female,45,85,26
1709,Female,60,138,61
1710,Female,58,31,37
1711,Male,56,49,23
1712,Male,39,110,93
1713,Male,66,120,85
1714,Male,34,138,91
1715,Female,51,74,40
1716,Female,23,88,77
1717,Female,63,31,23
1718,Male,23,108,16
1719,Female,51,17,94
1720,Male,18,26,61
1721,Female,27,26,68
1722,Male,38,99,80
1723,Male,22,90,31
1724,Female,19,87,53
1725,Female,39,15,25
1726,Female,65,119,44
1727,Female,19,23,12
1728,Male,27,81,90
1729,Female,51,63,97
1730,Female,33,36,92
1731,Female,65,22,9
1732,Male,68,69,12
1733,Male,56,15,69
1734,Female,39,67,54
1735,Male,29,58,54
1736,Female,41,35,28
1737,Male,64,56,56
1738,Male,57,14,99
1739,Male,55,29,69
1740,Male,27,143,98
1741,Female,52,68,98
1742,Female,68,141,77
1743,Female,66,26,58
1744,Male,49,23,78
1745,Female,24,22,75
1746,Female,38,144,42
1747,Female,37,137,38
1748,Male,43,53,68
1749,Male,21,128,53
1750,Male,63,28,33
1751,Female,69,72,71
1752,Female,39,90,56
1753,Female,32,109,72
1754,Male,57,131,51
1755,Male,38,53,74
1756,Female,32,113,43
1757,Male,39,70,15
1758,Male,69,134,38
1759,Male,45,80,15
1760,Male,31,116,5
1761,Female,44,59,93
1762,Male,58,74,83
1763,Male,57,108,54
1764,Male,45,41,51
1765,Male,43,67,10
1766,Female,66,137,12
1767,Female,19,121,4
1768,Male,42,77,95
1769,Male,20,49,18
1770,Male,25,141,80
1771,Male,61,99,36
1772,Male,50,37,25
1773,Male,59,105,87
1774,Female,69,40,76
1775,Male,52,12,98
1776,Female,23,145,36
1777,Female,56,33,67
1778,Male,69,24,9
1779,Female,40,54,61
1780,Female,42,17,53
1781,Female,67,80,18
1782,Female,60,117,43
1783,Female,36,124,35
1784,Female,22,112,63
1785,Male,68,134,98
1786,Female,28,66,78
1787,Female,29,39,4
1788,Female,27,123,93
1789,Male,25,126,41
1790,Female,41,69,45
1791,Male,45,107,50
1792,Female,58,135,79
1793,Male,53,103,28
1794,Male,54,143,42
1795,Female,38,131,80
1796,Female,25,117,76
1797,Male,26,13,69
1798,Female,64,102,98
1799,Male,32,15,1
1800,Male,65,41,39
1801,Male,63,115,96
1802,Male,57,24,90
1803,Male,35,131,17
1804,Female,59,105,91
1805,Male,37,15,88
1806,Male,23,121,35
1807,Female,29,129,46
1808,Male,19,132,42
1809,Female,24,76,39
1810,Female,33,115,90
1811,Female,20,148,49
1812,Male,62,52,62
1813,Male,20,105,38
1814,Male,44,141,23
1815,Female,67,90,22
1816,Male,60,50,4
1817,Female,57,142,49
1818,Male,55,44,59
1819,Female,50,31,73
1820,Male,45,121,68
1821,Male,18,20,71
1822,Male,25,12,87
1823,Female,54,146,2
1824,Female,49,69,49
1825,Male,65,85,88
1826,Male,60,96,95
1827,Female,54,23,31
1828,Female,21,27,40
1829,Female,47,122,48
1830,Male,23,82,51
1831,Female,63,32,43
1832,Male,36,92,98
1833,Female,49,134,55
1834,Male,26,78,88
1835,Female,29,56,49
1836,Female,28,125,90
1837,Female,63,39,80
1838,Female,33,34,57
1839,Female,18,121,77
1840,Male,62,34,15
1841,Female,38,83,27
1842,Female,47,67,68
1843,Female,30,103,80
1844,Male,51,128,64
1845,Female,21,136,94
1846,Male,45,34,30
1847,Female,55,87,36
1848,Female,48,108,67
1849,Male,44,125,86
1850,Female,22,57,86
1851,Male,42,19,49
1852,Male,20,108,76
1853,Female,50,20,55
1854,Male,21,94,85
1855,Female,42,144,56
1856,Female,37,135,68
1857,Male,51,73,95
1858,Male,43,11,44
1859,Male,22,85,31
1860,Male,52,130,58
1861,Female,45,51,87
1862,Female,46,63,53
1863,Male,26,84,84
1864,Female,69,25,79
1865,Female,55,27,23
1866,Female,67,99,28
1867,Female,23,15,16
1868,Male,36,117,37
1869,Male,61,57,21
1870,Female,28,51,79
1871,Male,19,85,17
1872,Male,64,86,37
1873,Male,61,141,77
1874,Female,61,139,19
1875,Female,26,68,30
1876,Female,38,36,45
1877,Male,41,88,18
1878,Female,51,81,78
1879,Female,39,16,62
1880,Male,20,120,36
1881,Female,29,128,100
1882,Female,45,72,84
1883,Male,47,133,52
1884,Male,43,21,19
1885,Male,65,52,44
1886,Female,38,26,7
1887,Female,45,72,44
1888,Female,43,129,68
1889,Male,50,45,34
1890,Male,38,17,66
1891,Female,52,78,69
1892,Female,69,99,55
1893,Male,51,45,10
1894,Male,58,37,96
1895,Male,68,127,42
1896,Male,64,102,41
1897,Female,35,85,77
1898,Male,28,110,69
1899,Female,40,23,10
1900,Female,65,80,10
1901,Female,39,133,91
1902,Male,34,134,60
1903,Male,22,46,51
1904,Male,61,38,21
1905,Male,28,28,8
1906,Female,47,115,65
1907,Male,32,30,92
1908,Male,44,73,78
1909,Female,52,36,85
1910,Male,50,64,30
1911,Female,37,38,85
1912,Female,33,34,49
1913,Female,51,79,9
1914,Female,19,72,17
1915,Female,52,139,69
1916,Female,57,25,58
1917,Female,45,109,57
1918,Female,64,39,62
1919,Male,56,54,95
1920,Male,23,28,52
1921,Male,26,43,61
1922,Male,37,71,40
1923,Female,18,127,38
1924,Male,25,109,43
1925,Female,40,31,63
1926,Male,20,120,19
1927,Male,21,82,100
1928,Male,42,47,50
1929,Female,64,79,33
1930,Male,55,125,13
1931,Female,32,88,78
1932,Female,38,18,97
1933,Male,52,41,62
1934,Male,63,141,93
1935,Male,69,59,43
1936,Female,31,91,49
1937,Male,53,14,36
1938,Female,29,96,10
1939,Female,34,135,95
1940,Male,56,84,6
1941,Male,26,31,57
1942,Female,52,77,1
1943,Female,30,53,71
1944,Female,32,43,58
1945,Male,35,86,91
1946,Female,68,51,21
1947,Male,50,146,92
1948,Female,23,115,80
1949,Female,44,104,56
1950,Male,40,144,87
1951,Female,44,77,20
1952,Male,51,137,54
1953,Male,63,94,25
1954,Female,55,92,28
1955,Male,31,104,5
1956,Male,53,41,21
1957,Female,25,75,18
1958,Male,52,125,47
1959,Male,36,147,70
1960,Male,47,139,57
1961,Female,31,69,93
1962,Male,37,26,19
1963,Female,66,105,97
1964,Female,42,25,65
1965,Male,57,55,3
1966,Male,41,116,42
1967,Male,31,97,21
1968,Female,43,138,99
1969,Male,55,148,40
1970,Male,40,128,67
1971,Male,39,94,25
1972,Male,65,13,55
1973,Male,36,80,84
1974,Female,63,120,52
1975,Female,68,59,44
1976,Male,20,149,98
1977,Male,59,104,85
1978,Male,36,101,56
1979,Male,26,74,55
1980,Female,45,56,87
1981,Male,37,115,70
1982,Female,62,139,77
1983,Female,24,115,87
1984,Male,31,33,73
1985,Female,26,13,81
1986,Female,36,117,66
1987,Female,64,28,19
1988,Female,69,49,83
1989,Male,31,59,7
1990,Male,55,84,63
1991,Female,53,21,42
1992,Male,57,36,42
1993,Male,34,122,59
1994,Male,47,58,20
1995,Male,26,139,73
1996,Male,50,69,17
1997,Female,69,39,27
1998,Male,42,93,47
1999,Male,31,37,2
2000,Male,28,34,63
